-- phpMyAdmin SQL Dump
-- version 5.1.1
-- https://www.phpmyadmin.net/
--
-- Host: 127.0.0.1
-- Generation Time: Feb 03, 2022 at 06:58 AM
-- Server version: 10.4.21-MariaDB
-- PHP Version: 8.0.12

SET SQL_MODE = "NO_AUTO_VALUE_ON_ZERO";
START TRANSACTION;
SET time_zone = "+00:00";


/*!40101 SET @OLD_CHARACTER_SET_CLIENT=@@CHARACTER_SET_CLIENT */;
/*!40101 SET @OLD_CHARACTER_SET_RESULTS=@@CHARACTER_SET_RESULTS */;
/*!40101 SET @OLD_COLLATION_CONNECTION=@@COLLATION_CONNECTION */;
/*!40101 SET NAMES utf8mb4 */;

--
-- Database: `kayani_ecommerce`
--

-- --------------------------------------------------------

--
-- Table structure for table `general_settings`
--

CREATE TABLE `general_settings` (
  `id` bigint(20) UNSIGNED NOT NULL,
  `created_at` timestamp NULL DEFAULT NULL,
  `updated_at` timestamp NULL DEFAULT NULL
) ENGINE=InnoDB DEFAULT CHARSET=utf8mb4 COLLATE=utf8mb4_unicode_ci;

-- --------------------------------------------------------

--
-- Table structure for table `migrations`
--

CREATE TABLE `migrations` (
  `id` int(10) UNSIGNED NOT NULL,
  `migration` varchar(255) COLLATE utf8mb4_unicode_ci NOT NULL,
  `batch` int(11) NOT NULL
) ENGINE=InnoDB DEFAULT CHARSET=utf8mb4 COLLATE=utf8mb4_unicode_ci;

--
-- Dumping data for table `migrations`
--

INSERT INTO `migrations` (`id`, `migration`, `batch`) VALUES
(2, '2014_10_12_100000_create_password_resets_table', 1),
(3, '2019_08_19_000000_create_failed_jobs_table', 1),
(4, '2019_12_14_000001_create_personal_access_tokens_table', 1),
(6, '2021_12_06_051103_create_role_table', 2),
(7, '2021_12_06_051540_create_permissions', 2),
(8, '2021_12_06_052242_permission_user', 2),
(9, '2021_12_06_062341_create_general_settings_table', 2),
(14, '2016_06_01_000001_create_oauth_auth_codes_table', 6),
(15, '2016_06_01_000002_create_oauth_access_tokens_table', 6),
(16, '2016_06_01_000003_create_oauth_refresh_tokens_table', 6),
(17, '2016_06_01_000004_create_oauth_clients_table', 6),
(18, '2016_06_01_000005_create_oauth_personal_access_clients_table', 6),
(20, '2021_12_08_134539_create_permission_tables', 8),
(24, '2021_12_09_070712_create_customers', 10),
(25, '2021_12_09_113812_create_admin', 11),
(26, '2021_12_08_071808_create_categories_table', 12),
(27, '2021_12_12_062642_create_role', 13),
(33, '2014_10_12_000000_create_users_table', 15),
(34, '2021_12_06_071921_create_vendors_table', 16),
(35, '2021_12_14_091831_create_permissions_table', 17),
(36, '2021_12_14_092052_create_roles_table', 17);

-- --------------------------------------------------------

--
-- Table structure for table `oauth_access_tokens`
--

CREATE TABLE `oauth_access_tokens` (
  `id` varchar(100) COLLATE utf8mb4_unicode_ci NOT NULL,
  `user_id` bigint(20) UNSIGNED DEFAULT NULL,
  `client_id` bigint(20) UNSIGNED NOT NULL,
  `name` varchar(255) COLLATE utf8mb4_unicode_ci DEFAULT NULL,
  `scopes` text COLLATE utf8mb4_unicode_ci DEFAULT NULL,
  `revoked` tinyint(1) NOT NULL,
  `created_at` timestamp NULL DEFAULT NULL,
  `updated_at` timestamp NULL DEFAULT NULL,
  `expires_at` datetime DEFAULT NULL
) ENGINE=InnoDB DEFAULT CHARSET=utf8mb4 COLLATE=utf8mb4_unicode_ci;

--
-- Dumping data for table `oauth_access_tokens`
--

INSERT INTO `oauth_access_tokens` (`id`, `user_id`, `client_id`, `name`, `scopes`, `revoked`, `created_at`, `updated_at`, `expires_at`) VALUES
('00da16ba20f1eb51de3fa4f37c4855a5860f9de34a89f3bfc5a851e8d7e73db6b370f821a133de95', 51, 3, 'token', '[\"customer\"]', 0, '2022-01-21 12:41:14', '2022-01-21 12:41:14', '2023-01-21 16:41:14'),
('012395cf15d0119d71e396c6b391c6c7e1510c801104dd91e685ee4d90271528050cdf03d6827644', 18, 3, 'admin_token', '[\"*\"]', 0, '2022-01-17 06:20:41', '2022-01-17 06:20:41', '2023-01-17 10:20:41'),
('0174772b24c0f3364ac3b74365e48da28588c3dc6056371c7c8329f788908e33ffb4517a767c8ee6', 45, 3, 'token', '[\"customer\"]', 0, '2022-01-21 07:55:47', '2022-01-21 07:55:47', '2023-01-21 11:55:47'),
('02d1e9073f8f38df6a5f2e7ad61f92b9aeb565f7b643580f0d29edadf84e93719a77969b0f898edb', 45, 3, 'token', '[\"customer\"]', 0, '2022-01-21 06:32:56', '2022-01-21 06:32:56', '2023-01-21 10:32:56'),
('03966dc5f45c59fd5594140b4f5139dd27bb1fbaffb22449b4db927292f4279783a6c23b7d33c1f7', 14, 3, 'vendor_token', '[\"vendor\"]', 0, '2021-12-13 07:37:09', '2021-12-13 07:37:09', '2022-12-13 11:37:09'),
('047a67806e1a3a89bb684a4aaca7b8816e17065442cb129d6f027861b0e47017056113b028371280', 18, 3, 'admin_token', '[\"*\"]', 0, '2022-01-03 06:13:10', '2022-01-03 06:13:10', '2023-01-03 10:13:10'),
('055dbd9a887d57cb440bef4f57d98053921ff966ccd7b62d857d613623147feb2332c1908b83606d', 45, 3, 'token', '[\"customer\"]', 0, '2022-01-13 11:21:09', '2022-01-13 11:21:09', '2023-01-13 15:21:09'),
('06528f1c86b56c8eaa037ff0ecd7389815118e9f1e8580ff6ee3ed9d7fc6af8b638c69e497c535c7', 45, 3, 'token', '[\"customer\"]', 0, '2022-01-13 09:01:48', '2022-01-13 09:01:48', '2023-01-13 13:01:48'),
('06cfa322e0995c2acff2a8ba1444bd06db884a3a18d28ac934d01b5415444d6515bb937dbe0e228d', 5, 3, 'admin_token', '[\"*\"]', 0, '2021-12-13 01:19:18', '2021-12-13 01:19:18', '2022-12-13 05:19:18'),
('06e406944fe5dd2394c7b3dcee154f9f19030dce8e22f7a7957ab203e39635c4d77dfeff3b843fe1', 28, 3, 'vendor_token', '[\"vendor\"]', 0, '2021-12-12 06:38:17', '2021-12-12 06:38:17', '2022-12-12 10:38:17'),
('0713c4fa7485fe19fb2108520903b2c335278ee06aef47acfcff2033a184b7157a956b0177478ebc', 38, 3, 'vendor_token', '[\"vendor\"]', 0, '2021-12-20 02:13:12', '2021-12-20 02:13:12', '2022-12-20 06:13:12'),
('079026ebbda5500d263e1df8b7132d5d5aab543bc99e9aa9f83ae1ca3e171897bd2075479b9fc0e2', 38, 3, 'vendor_token', '[\"vendor\"]', 0, '2022-01-19 12:31:15', '2022-01-19 12:31:15', '2023-01-19 16:31:15'),
('0893712e9ec27688ca9156e99c917d081e6fefccc3f561aacbf92f85b48743c667bc03825d5f2828', 35, 3, 'token', '[\"customer\"]', 0, '2022-01-13 07:06:19', '2022-01-13 07:06:19', '2023-01-13 11:06:19'),
('08f5765e849a56b93162e8dd7d5ec7c350b22dbf2d1b1d03fa7e5281529246b92276f0c60642e122', 18, 3, 'admin_token', '[\"*\"]', 0, '2022-01-24 09:49:26', '2022-01-24 09:49:26', '2023-01-24 13:49:26'),
('097a3c811740cc00e1581e1efac0bd3436b16cfc6249b4552392522d4bb3c9cbf5ac87674905db03', 18, 3, 'admin_token', '[\"*\"]', 0, '2021-12-20 06:42:17', '2021-12-20 06:42:17', '2022-12-20 10:42:17'),
('0a8ea3185027b5c82b59e8ef67a935eeebb324bf1370b54679fe11e537820f0c6c6aef228fa00489', 51, 3, 'token', '[\"customer\"]', 0, '2022-01-21 13:02:14', '2022-01-21 13:02:14', '2023-01-21 17:02:14'),
('0a94da8d1bb03d74b57bc8d7b5da8ffbad250a0588f522865e22be3cffc325d5a6f0df1d690aeab0', 5, 3, 'admin_token', '[\"*\"]', 0, '2021-12-12 09:00:42', '2021-12-12 09:00:42', '2022-12-12 13:00:42'),
('0ade1be319f60c960a929a12b757e5d3005915996b9b84bf802f423b2c91132631716e10f2e1122a', 45, 3, 'token', '[\"customer\"]', 0, '2022-01-28 06:29:54', '2022-01-28 06:29:54', '2023-01-28 10:29:54'),
('0b6d6d3a5c602dacb17daa22f33db2f9b490c55b1f03fd9c5207017a85d03bc87a93b0a336b07ea2', 18, 3, 'admin_token', '[\"*\"]', 0, '2022-01-03 07:01:54', '2022-01-03 07:01:54', '2023-01-03 11:01:54'),
('0c7de8bdeb2469e3cd94e34b7ed7094dcd5a6cf624656436c276b471a89a72654aa1a87abce0cc99', 51, 3, 'token', '[\"customer\"]', 0, '2022-01-21 08:24:00', '2022-01-21 08:24:00', '2023-01-21 12:24:00'),
('0c86ae4ab70b4f419e825cba81d2e8f7331383df5b82ebe0c37287148c148b6e29ffceb4f0405560', 38, 3, 'vendor_token', '[\"vendor\"]', 0, '2021-12-18 02:23:05', '2021-12-18 02:23:05', '2022-12-18 06:23:05'),
('0cd8d048b340b444a0ba3fbc630ab8b71a27f6c1ac5ab4ef5e6e737b63f1d362fa24d4f2c0da068f', 3, 3, 'admin_token', '[\"*\"]', 0, '2021-12-12 08:43:50', '2021-12-12 08:43:50', '2022-12-12 12:43:50'),
('0d5743f91d4ee1283e60f7f3f5d373e8412d87fef879efe17663b67cf15a523326860a6e2c29282c', 45, 3, 'token', '[\"customer\"]', 0, '2022-01-18 06:35:30', '2022-01-18 06:35:30', '2023-01-18 10:35:30'),
('0e6a692774c637260bbade5a2092a818e7bfb6d46b92f3358ce59a0a7924c122575dfffb096c1467', 51, 3, 'token', '[\"customer\"]', 0, '2022-01-26 05:36:22', '2022-01-26 05:36:22', '2023-01-26 09:36:22'),
('10b7a805ecf5bdecbadc010b6c7d31e3eada19ecb599021ef79be2c31240e71dd41d30343ae49b92', 18, 3, 'admin_token', '[\"*\"]', 0, '2022-01-03 07:55:53', '2022-01-03 07:55:53', '2023-01-03 11:55:53'),
('10dd4fbfd5ccab6cfe518c476890796cc58a69e9303f4eccfa7c7b2087ab3a0abff66bf3adff9ec4', 52, 3, 'customer_token', '[\"customer\"]', 0, '2022-01-21 07:50:40', '2022-01-21 07:50:40', '2023-01-21 11:50:40'),
('11f2343fb057d2ba09b1ef413d23c6d5293f7fae52fe2556f199657c8800f0358b1d6e6a42002f1c', 38, 3, 'vendor_token', '[\"vendor\"]', 0, '2022-01-28 08:06:16', '2022-01-28 08:06:16', '2023-01-28 12:06:16'),
('137ab0f665a2919c8880810124e55089a0cf51867fd9aee615566c00d65218f9b32e5f4f3e04059a', 14, 3, 'vendor_token', '[\"vendor\"]', 0, '2021-12-14 04:56:50', '2021-12-14 04:56:50', '2022-12-14 08:56:50'),
('1383a1def10e64cdec4f0a9f325ca99bec7b4047f2671522f05f48c1dcea0b959a32a946cbb190d3', 18, 3, 'admin_token', '[\"*\"]', 0, '2022-01-03 08:16:16', '2022-01-03 08:16:16', '2023-01-03 12:16:16'),
('16850de472f4eac3a603f706db2d92ab7106598d0eab4123a2f94b6cc90f84d2d13ef709a1020272', 18, 3, 'admin_token', '[\"*\"]', 0, '2021-12-29 06:40:52', '2021-12-29 06:40:52', '2022-12-29 10:40:52'),
('1702525f6b44ba0ce00552d811f4357a02589075e0bfae692746f817f42ba3a12bf0e809907b39ae', 51, 3, 'token', '[\"customer\"]', 0, '2022-01-21 08:53:34', '2022-01-21 08:53:34', '2023-01-21 12:53:34'),
('1727c79e0f7b8132f58338cf371473f8f71c3fa046f0fe1536cd9bc1e75869e123ef3784906639ac', 18, 3, 'admin_token', '[\"*\"]', 0, '2021-12-28 05:06:33', '2021-12-28 05:06:33', '2022-12-28 09:06:33'),
('194f6e153c24a744fb3354bdcf60d02d391d8178d387a55cc44d0a5eec4a455557e704d904a4ef0f', 8, 3, 'vendor_token', '[\"vendor\"]', 0, '2021-12-12 07:27:43', '2021-12-12 07:27:43', '2022-12-12 11:27:43'),
('1a978196dbcf899992b4ecf032894eba2dc09cb865fafc54d7c3c3eccd3ef0a62f1ed73ba00d6638', 38, 3, 'vendor_token', '[\"vendor\"]', 0, '2022-01-24 09:10:45', '2022-01-24 09:10:45', '2023-01-24 13:10:45'),
('1b0cc4bc3c170e61d5be17b858f09abed0468737aacb42ac754f5108932373888ed2f19c0b96a66c', 18, 3, 'admin_token', '[\"*\"]', 0, '2021-12-20 03:20:59', '2021-12-20 03:20:59', '2022-12-20 07:20:59'),
('1c9392a25b23a4337dc68917bfdf9bfc9132aceecfb0ddf73719c1dea1d4f9d9bbe1ed608c1b056b', 51, 3, 'token', '[\"customer\"]', 0, '2022-01-21 09:01:24', '2022-01-21 09:01:24', '2023-01-21 13:01:24'),
('1d835281366bf262ed317e9c40eefa797e4d824aa1d366183bf56aa6dd5abf3d60f84f40a1a863c5', 15, 3, 'vendor_to', '[\"vendor\"]', 0, '2021-12-12 06:29:21', '2021-12-12 06:29:21', '2022-12-12 10:29:21'),
('1dac77eda95e7c5eb25d811d3339939917dacaa1e6663aa5fa5990a8f024ecdf202826e994b7fe11', 18, 3, 'admin_token', '[\"*\"]', 0, '2022-01-03 06:46:15', '2022-01-03 06:46:15', '2023-01-03 10:46:15'),
('1dd01895af50d3e801d193fb452d73113cc794ff2b33b561b52087a7b070c56a3b1d8659b0568c83', 45, 3, 'token', '[\"customer\"]', 0, '2022-01-18 11:36:50', '2022-01-18 11:36:50', '2023-01-18 15:36:50'),
('1f2cbb726dd48a534871713b85dbaad2cd3c524bfcfffb4def80084cc720a51d982f02a2f87c353c', 45, 3, 'token', '[\"customer\"]', 0, '2022-01-21 06:33:41', '2022-01-21 06:33:41', '2023-01-21 10:33:41'),
('20f3b905c7dd477a50fcb8842a618454386da7954305fa8a5e8cfb900d4d28e5fd82ef9e86161705', 14, 3, 'vendor_token', '[\"vendor\"]', 0, '2021-12-14 03:35:53', '2021-12-14 03:35:53', '2022-12-14 07:35:53'),
('22453b61aae4b2f374439c02f43862dd976de924d84c4cb97ec0f4c2df69a39f49dd70fdc39e4eae', 32, 3, 'admin_token', '[\"*\"]', 0, '2021-12-16 04:11:58', '2021-12-16 04:11:58', '2022-12-16 08:11:58'),
('22658179d3729856dc8fcd1e4b4cd8e572e215df3e30a08cc134f387899a26858847982772157806', 45, 3, 'token', '[\"customer\"]', 0, '2022-01-21 06:33:00', '2022-01-21 06:33:00', '2023-01-21 10:33:00'),
('2299f35c97cc15ed60f620f5600ab021d952a5632e379b5502a6bda371afd5d7a1c14a2570270055', 45, 3, 'token', '[\"customer\"]', 0, '2022-01-19 07:13:49', '2022-01-19 07:13:49', '2023-01-19 11:13:49'),
('23d629ba54fe249fab8e0d0544fea08200f54c3f6f59268c92a59855a016349dc2cf785413c86374', 18, 3, 'admin_token', '[\"*\"]', 0, '2021-12-26 05:24:36', '2021-12-26 05:24:36', '2022-12-26 09:24:36'),
('24076e3f2a6c952c295094c46e2259c55f0b2c7bcc13acc92405e1e218b6eda8fd47c3aa3ec164f7', 32, 3, 'vendor_token', '[\"vendor\"]', 0, '2021-12-14 09:56:38', '2021-12-14 09:56:38', '2022-12-14 13:56:38'),
('25785ccbf5a7f50224bc8a5f5715997665d77210c44b9e69240f56ed20c47576b77cc69d59e56e5e', 38, 3, 'vendor_token', '[\"vendor\"]', 0, '2021-12-26 05:22:41', '2021-12-26 05:22:41', '2022-12-26 09:22:41'),
('25e0edfd90e4de556b1290e3bb3bc09512faf8dc11d6b520628fc1a83b8a8e78fa91601032d46cf7', 18, 3, 'admin_token', '[\"*\"]', 0, '2021-12-27 08:20:47', '2021-12-27 08:20:47', '2022-12-27 12:20:47'),
('269b38cfaa39492e28b989eb6dd7f01240858b06ad62cdbacf05ee71b70cb14720d7642bb48982e8', 38, 3, 'vendor_token', '[\"vendor\"]', 0, '2021-12-23 10:29:18', '2021-12-23 10:29:18', '2022-12-23 14:29:18'),
('27b4104f9f4783226472f248574a143f29edc30e7736a5972a0b43328df51324f535843030f722a9', 38, 3, 'vendor_token', '[\"vendor\"]', 0, '2021-12-25 07:56:17', '2021-12-25 07:56:17', '2022-12-25 11:56:17'),
('2887af8beb690e7583923d188f99b94a9aa6e6e7067020efa0211f92ee4787d46dbe59d37e75f955', 18, 3, 'admin_token', '[\"*\"]', 0, '2022-01-03 06:40:23', '2022-01-03 06:40:23', '2023-01-03 10:40:23'),
('29c6b604c49ca482636b2c626856369e5907ab4ce991be2151e0d1917081814e57ed1bf332417341', 18, 3, 'admin_token', '[\"*\"]', 0, '2022-01-24 09:26:37', '2022-01-24 09:26:37', '2023-01-24 13:26:37'),
('2ca68e0f8b0436ec629167e9ce420dc85161f32d00b171255cf65cd298b655134dff11cf84a62b5b', 18, 3, 'vendor_token', '[\"vendor\"]', 0, '2021-12-14 06:54:31', '2021-12-14 06:54:31', '2022-12-14 10:54:31'),
('2d4eed563d548b49f295b7ed9d42f78d80b0913d957efe8e61330d3b1e82f9289867d3c0db30fbdf', 38, 3, 'vendor_token', '[\"vendor\"]', 0, '2022-01-28 07:51:04', '2022-01-28 07:51:04', '2023-01-28 11:51:04'),
('2d5d9d69a4df7f1de1a020c483f1412bf60daeef673e5e12b998c81826402e9375892073ac0ececd', 45, 3, 'token', '[\"customer\"]', 0, '2022-01-13 13:51:46', '2022-01-13 13:51:46', '2023-01-13 17:51:46'),
('2e36f16947bc3fb7114d2272420ed7d2862d2ec876d28311d2cbb5daa71597645e0185c5ac230674', 18, 3, 'admin_token', '[\"*\"]', 0, '2022-01-03 07:35:18', '2022-01-03 07:35:18', '2023-01-03 11:35:18'),
('2f3c35114f24f9749cebd0343f9e239f9d1c84cb5267fa9cb7e7bd12403fe409d286ea5d1ca42363', 18, 3, 'admin_token', '[\"*\"]', 0, '2021-12-26 10:39:40', '2021-12-26 10:39:40', '2022-12-26 14:39:40'),
('2fe41feebe22da14c244b76dc397be6b33fd4f3dbb2ee2309c6b44f797d46e4d5176e50208058be0', 21, 3, 'vendor_token', '[\"vendor\"]', 0, '2021-12-12 06:35:04', '2021-12-12 06:35:04', '2022-12-12 10:35:04'),
('3029ebca7dc5cfe7807dd7eb44cc1c9833660f29b6b92fd70bc0a2e684947adbadee1f7ebc6bb277', 18, 3, 'admin_token', '[\"*\"]', 0, '2021-12-25 10:28:38', '2021-12-25 10:28:38', '2022-12-25 14:28:38'),
('3055fd4ec54feda9c728304c620cc05c7556a2edfa5a273e33b74fe040c465afa31810c27ad67f28', 38, 3, 'vendor_token', '[\"vendor\"]', 0, '2021-12-23 10:32:45', '2021-12-23 10:32:45', '2022-12-23 14:32:45'),
('3090fe9ed50abb6e91a2a64de3b7f9274efc799615cd76533d6dfc9a7c60dab6c810316f1b62b713', 45, 3, 'token', '[\"customer\"]', 0, '2022-01-18 06:25:36', '2022-01-18 06:25:36', '2023-01-18 10:25:36'),
('3141d3d69968da6b8f79cffeb8c6880cc772e762001941564146d0ca86af88fc98ca20c49192d1b2', 18, 3, 'admin_token', '[\"*\"]', 0, '2022-01-03 06:51:27', '2022-01-03 06:51:27', '2023-01-03 10:51:27'),
('32eb4441433a72b46a6b60e2907a02f79469a29da5dcc9da9ca05d71a32d70cf6b46d834700b3d10', 18, 3, 'admin_token', '[\"*\"]', 0, '2022-01-07 06:16:48', '2022-01-07 06:16:48', '2023-01-07 10:16:48'),
('32fbf7375f47d252c2400ad48b88c8e210ff941d70644b36b24037e0535603fc2371e7249e8ea329', 45, 3, 'token', '[\"customer\"]', 0, '2022-01-17 12:30:04', '2022-01-17 12:30:04', '2023-01-17 16:30:04'),
('334e14ac9f606b2b8a35191bbad951fdb9903053139562d8ec4df4ca81d3f324daf0a1a0fb7d8fe0', 38, 3, 'vendor_token', '[\"vendor\"]', 0, '2021-12-27 10:35:23', '2021-12-27 10:35:23', '2022-12-27 14:35:23'),
('350a4c0431fee2b53041f285b7fbb186c8a0b767a126e6e66d56b83518c3278b054ffaf58ecc1f35', 45, 3, 'token', '[\"customer\"]', 0, '2022-01-21 06:36:29', '2022-01-21 06:36:29', '2023-01-21 10:36:29'),
('3536aa91281750c9c99516bfcb759fe1e2c70fe1fa0d86f45d83ca40a4049d9b7a7d20da86577619', 5, 3, 'vendor_to', '[\"vendor\"]', 0, '2021-12-12 05:24:08', '2021-12-12 05:24:08', '2022-12-12 09:24:08'),
('35c534728eaa9a441532923fc719c40f763b3a893cbc67561d4e248a75b40f3cb8a1fc90c8218145', 38, 3, 'vendor_token', '[\"vendor\"]', 0, '2021-12-20 05:15:07', '2021-12-20 05:15:07', '2022-12-20 09:15:07'),
('36b4df82a77e561fe1e172f2c08ae6b2bb1d05ba7191e814977c1382282c32f17180ca5f62207913', 14, 3, 'vendor_to', '[\"vendor\"]', 0, '2021-12-12 06:29:18', '2021-12-12 06:29:18', '2022-12-12 10:29:18'),
('36d942e848b14e936d42fafa13f167e8a14600a7b62193d168375fcc42d53d36e0035cdc4422cd5d', 4, 3, 'vendor_to', '[\"vendor\"]', 0, '2021-12-12 05:14:27', '2021-12-12 05:14:27', '2022-12-12 09:14:27'),
('3814636e10bb8e42d2911601120ab45ad09e7843d6b9c4bf298c491c711403d78f5fe8ac193a3254', 18, 3, 'admin_token', '[\"*\"]', 0, '2021-12-20 03:24:38', '2021-12-20 03:24:38', '2022-12-20 07:24:38'),
('391ff4830a1f2d5dd50b54abffbb9f5b82c9e4e103490de7b8178f061ce01311805b8319e0dab7b7', 45, 3, 'token', '[\"customer\"]', 0, '2022-01-26 07:21:43', '2022-01-26 07:21:43', '2023-01-26 11:21:43'),
('3a01c539333f3f51786c695848526937eef98a6f91b1a44da9afaaacb3d41949403ce02f7dbd1ce5', 45, 3, 'token', '[\"customer\"]', 0, '2022-01-14 13:25:05', '2022-01-14 13:25:05', '2023-01-14 17:25:05'),
('3a88fc4702faf6635f7471906d1c68052675543e8010e464419475ec4904b37383e5952ed5a16d6a', 30, 3, 'vendor_token', '[\"vendor\"]', 0, '2021-12-12 06:39:58', '2021-12-12 06:39:58', '2022-12-12 10:39:58'),
('3accda35d3aa4f0aa9c9e89cbf5e756e6b82cfd1a0d9f1288f3e687838f2571da5a63c6fd316615b', 32, 3, 'vendor_token', '[\"vendor\"]', 0, '2021-12-15 01:09:06', '2021-12-15 01:09:06', '2022-12-15 05:09:06'),
('3c10882ee7d90d20cb8984ac36c2675d366a66b1207788d988eb226c7a3a6b1f82fd1b9e4cf47728', 18, 3, 'admin_token', '[\"*\"]', 0, '2022-01-21 05:07:47', '2022-01-21 05:07:47', '2023-01-21 09:07:47'),
('3c885984dd4bfb1f4e11841038f523bac5ed159fa6e261839a5116e3e9b341ec1fbb827f6acebdf6', 1, 3, 'vendor_token', '[\"vendor\"]', 0, '2021-12-12 07:43:01', '2021-12-12 07:43:01', '2022-12-12 11:43:01'),
('3de348f3194c346b0da6d8f700a1fc5c4c4e00ad53f454b92456d535f447dccaddfe722fc46c6cca', 18, 3, 'admin_token', '[\"*\"]', 0, '2021-12-25 10:08:51', '2021-12-25 10:08:51', '2022-12-25 14:08:51'),
('3e091e2693f11ff7317cad555e5e289dccc12222e51bfe79e8c56e2398f983ca8043a1dd300d2e37', 38, 3, 'vendor_token', '[\"vendor\"]', 0, '2021-12-16 04:07:01', '2021-12-16 04:07:01', '2022-12-16 08:07:01'),
('3e1f87c823e5038a3ded172d27647dda3afe76e7601ac1cad484f5c3ddbf3a4d96b948185b85cdd4', 47, 3, 'customer_token', '[\"customer\"]', 0, '2022-01-13 11:03:13', '2022-01-13 11:03:13', '2023-01-13 15:03:13'),
('401578bc86f117a86d01d0c5a2f1121433fe79f79c8a8fd4de4252c2e1c15c7c7d2b7b83b8a93f1b', 18, 3, 'admin_token', '[\"*\"]', 0, '2022-01-24 09:00:31', '2022-01-24 09:00:31', '2023-01-24 13:00:31'),
('40d27d21cf23655896a242e9044d5375b109d1d193c53e1020e6ea15012270514b9b53899cef6129', 51, 3, 'token', '[\"customer\"]', 0, '2022-01-26 07:41:59', '2022-01-26 07:41:59', '2023-01-26 11:41:59'),
('41624585a2d8d19ba59a8c62754b5cc794b4c5f5cd069d2d81a49669ba94a281c66a49b33b3f4154', 18, 3, 'admin_token', '[\"*\"]', 0, '2022-01-03 05:29:59', '2022-01-03 05:29:59', '2023-01-03 09:29:59'),
('428a36fb26a67c1912f24ed7d845a81c03bb32c0da30b479c10957fd510ee77b6d4ed5e6d573dcbb', 20, 3, 'vendor_token', '[\"vendor\"]', 0, '2021-12-12 06:34:05', '2021-12-12 06:34:05', '2022-12-12 10:34:05'),
('43b213f504b7d6169307837840408449ff2262eee50dab776df378e385ed4351c9fe90ea29efe457', 18, 3, 'admin_token', '[\"*\"]', 0, '2021-12-23 08:47:22', '2021-12-23 08:47:22', '2022-12-23 12:47:22'),
('445726cde3b135b182acd699fb2e68bd7f28fb2b5270791ce2ef5c8022ae6a78d654c1cf509cbb47', 38, 3, 'vendor_token', '[\"vendor\"]', 0, '2021-12-19 06:26:39', '2021-12-19 06:26:39', '2022-12-19 10:26:39'),
('44c8934c804d52c2cf0a822634e901175353d22d665b7123e3b304e6c779bfab0644d96a5e1d5894', 18, 3, 'admin_token', '[\"*\"]', 0, '2022-01-03 11:12:51', '2022-01-03 11:12:51', '2023-01-03 15:12:51'),
('44daa928325b744a4d16eb0ae7e0ac4c9d2e7e67d969e641c6f797235fdc2be3e593bdb655ddda31', 45, 3, 'token', '[\"customer\"]', 0, '2022-01-21 06:36:15', '2022-01-21 06:36:15', '2023-01-21 10:36:15'),
('4510c96be6e83a9b8c9a8418691317d4534980fd1a78ee59ff6c25b2d28c27044770034f89a15612', 45, 3, 'token', '[\"customer\"]', 0, '2022-01-26 07:18:48', '2022-01-26 07:18:48', '2023-01-26 11:18:48'),
('45241cf8565af9b46f4433b034921eeb9f476a0454cc9b75f9846b03cd86ed7f32c89afe1446feda', 45, 3, 'token', '[\"customer\"]', 0, '2022-01-25 12:06:04', '2022-01-25 12:06:04', '2023-01-25 16:06:04'),
('452e357c1cf07641b3dd8187fd2c9fef79c92b8bba848e266f6ff783ef0ab0870589bd0ea1f9da90', 38, 3, 'vendor_token', '[\"vendor\"]', 0, '2022-01-19 13:50:31', '2022-01-19 13:50:31', '2023-01-19 17:50:31'),
('45637faa0733dc6f2c29d3de39752cf1e40d40aead9571aad73afb8ff804e51a02446f9716795c19', 32, 3, 'admin_token', '[\"*\"]', 0, '2021-12-15 01:45:18', '2021-12-15 01:45:18', '2022-12-15 05:45:18'),
('459153e532847768ffcc1c1f1089576b7c0e81b2b1d8e2ff4e85910f52bed1a06135eeb243419579', 18, 3, 'admin_token', '[\"*\"]', 0, '2022-01-03 06:12:36', '2022-01-03 06:12:36', '2023-01-03 10:12:36'),
('4853a967d40bf05c2828027085eb9d0d460e2237b3baa8bacb71147841769d6e197b03ac92ed2214', 45, 3, 'token', '[\"customer\"]', 0, '2022-01-25 13:34:35', '2022-01-25 13:34:35', '2023-01-25 17:34:35'),
('485cb4f9a51889a79c624028634b49d10d025caf720bf15310ed4f7d2b3e5fecd6986db13ba5d88e', 51, 3, 'token', '[\"customer\"]', 0, '2022-01-24 08:59:57', '2022-01-24 08:59:57', '2023-01-24 12:59:57'),
('489ea8debbb980d0d64af5a4e1a0e9de978760005cb328845fa84d5ffc876b0698cad0ef73942fc6', 18, 3, 'admin_token', '[\"*\"]', 0, '2022-01-03 10:47:54', '2022-01-03 10:47:54', '2023-01-03 14:47:54'),
('48a4d32bd3a72315347943867f5a744350029f8c7a62f8cd5ab6fcdde563f66befb86a7d62563d9e', 18, 3, 'admin_token', '[\"*\"]', 0, '2021-12-23 05:47:03', '2021-12-23 05:47:03', '2022-12-23 09:47:03'),
('4969ba082640fdf6424f6a0583790e32012b922022cacfa1d9a2dfbcc4beb3e4325ab53f88e1913c', 38, 3, 'vendor_token', '[\"vendor\"]', 0, '2021-12-27 10:42:06', '2021-12-27 10:42:06', '2022-12-27 14:42:06'),
('497c80f9d9f9222aefde6db4043a3a31678e613d8aaf11bd27b6511fd578e0fd632c59ac5dfe1934', 45, 3, 'token', '[\"customer\"]', 0, '2022-01-25 13:35:02', '2022-01-25 13:35:02', '2023-01-25 17:35:02'),
('49fcc0f9f93ea6880fb9b3ed0372854e7c3b896789ee05c358ebc3de2a55f94cae41d88f25d42517', 45, 3, 'token', '[\"customer\"]', 0, '2022-01-21 06:36:31', '2022-01-21 06:36:31', '2023-01-21 10:36:31'),
('4a2cf8e327d7800e270d88179d884fbe21c3db28c31384c2420ca7d90c08413bd43401445cf0dfc1', 3, 3, 'admin_token', '[\"*\"]', 0, '2021-12-12 08:37:03', '2021-12-12 08:37:03', '2022-12-12 12:37:03'),
('4c2ea07c59454fceec3221f975aeebdb963ab5ea0ab8e1f8fb3a4c437c4fa4ad706a16cee08bdf6d', 38, 3, 'vendor_token', '[\"vendor\"]', 0, '2022-01-21 07:30:43', '2022-01-21 07:30:43', '2023-01-21 11:30:43'),
('4cc0e00b04207f757875271208a1c7c574b0d930b6b3bf5827a82bbc4e9ec3c8d429dd914d4a961c', 18, 3, 'admin_token', '[\"*\"]', 0, '2022-01-03 06:08:31', '2022-01-03 06:08:31', '2023-01-03 10:08:31'),
('4e19bd8a25d111d5e2bb3b4767be8b9a575550c8da0c1b30ee063a93a13bcd25ca9a47c853a4f3cb', 18, 3, 'admin_token', '[\"*\"]', 0, '2021-12-28 11:36:30', '2021-12-28 11:36:30', '2022-12-28 15:36:30'),
('4e5fae1277f0d49f002975245410f1faf242e7b714903f4e564804e350a679499dc80ae8312e994a', 18, 3, 'admin_token', '[\"*\"]', 0, '2022-01-17 06:11:09', '2022-01-17 06:11:09', '2023-01-17 10:11:09'),
('4f582b9a5f90d696c540923b1033a7a63e7021f0fd5f802ab8bc1e90bd12eb065355b5738fc18591', 18, 3, 'admin_token', '[\"*\"]', 0, '2022-01-14 10:52:51', '2022-01-14 10:52:51', '2023-01-14 14:52:51'),
('4f96ed463e385118e495fdccb5e333de390f6a25e7972369bc69dd2cbe38b8cdbecf04ee100ec217', 38, 3, 'vendor_token', '[\"vendor\"]', 0, '2021-12-21 07:04:36', '2021-12-21 07:04:36', '2022-12-21 11:04:36'),
('4fb91ba3486bbd34e3ea4a004b2d79705ef7f99a3aba269acd6f7dce27a13744d099a25a63f0f14a', 45, 3, 'token', '[\"customer\"]', 0, '2022-01-21 11:06:25', '2022-01-21 11:06:25', '2023-01-21 15:06:25'),
('4fc665fddd256f26ee224b638c201b15eac7f5a8d30fd0dfb4a2a2d7668a4363943e2cfd9f84c226', 18, 3, 'admin_token', '[\"*\"]', 0, '2021-12-21 08:35:57', '2021-12-21 08:35:57', '2022-12-21 12:35:57'),
('4fd5411111bd7f872258a65fc2d042e5f78b83bff6e5e955fd137c5eceeed45ec783ab913dcc1a7e', 18, 3, 'admin_token', '[\"*\"]', 0, '2021-12-27 07:21:30', '2021-12-27 07:21:30', '2022-12-27 11:21:30'),
('5047c760d04b4425e1a3d9739afd7eb9d68462de79fdf2d855e63ddc44dc25e0ac4c94cf32f471b8', 18, 3, 'admin_token', '[\"*\"]', 0, '2021-12-26 10:34:23', '2021-12-26 10:34:23', '2022-12-26 14:34:23'),
('50f34f07941dbce732fcbfbf45ca27dfdc836be7cd27c2e0362b57a553ef55feebca62460ec8f1d8', 38, 3, 'vendor_token', '[\"vendor\"]', 0, '2021-12-20 03:04:32', '2021-12-20 03:04:32', '2022-12-20 07:04:32'),
('5261595185d3fb66ff8b9028842e5b6b051a60160b4aec5e08b432fe3c83c7aa327750001fdd4680', 18, 3, 'admin_token', '[\"*\"]', 0, '2022-01-03 13:05:36', '2022-01-03 13:05:36', '2023-01-03 17:05:36'),
('5493642f552051d0c2c4d1b0cf7b718578d69fabab31d5d7c8f061f0510247e7f2c12e7bdb88fcf4', 38, 3, 'vendor_token', '[\"vendor\"]', 0, '2022-01-17 06:16:33', '2022-01-17 06:16:33', '2023-01-17 10:16:33'),
('557ac82f962c5921bcb206c1dce8da9a87165616b30c431745e323672a6e562609702e75476bbc5b', 18, 3, 'admin_token', '[\"*\"]', 0, '2022-01-03 07:25:09', '2022-01-03 07:25:09', '2023-01-03 11:25:09'),
('56afd467b444e94670cf549767e3b714c217a7b355c2f7ed9e7fbff6a6a544ec01182c2e662f9530', 38, 3, 'vendor_token', '[\"vendor\"]', 0, '2022-01-17 05:35:31', '2022-01-17 05:35:31', '2023-01-17 09:35:31'),
('5741f74ed5ed9c80e3e779bade1b067d8d3e00ff29d38ede10cd5feedcc557a7c603f6f30389926e', 18, 3, 'admin_token', '[\"*\"]', 0, '2021-12-23 05:26:07', '2021-12-23 05:26:07', '2022-12-23 09:26:07'),
('575c811d12f6c5c1a4ff22ff3c9e8c547116083ba4dc8ca43e9d096e9b92648092d3b4f0e8bb1c97', 18, 3, 'admin_token', '[\"*\"]', 0, '2022-01-03 06:50:49', '2022-01-03 06:50:49', '2023-01-03 10:50:49'),
('585b24159b66254e0a5ac7be503b0f2cc1f3727490a09202f01aaf0e526cee56bc60fdc5b8d14246', 38, 3, 'vendor_token', '[\"vendor\"]', 0, '2021-12-26 07:25:32', '2021-12-26 07:25:32', '2022-12-26 11:25:32'),
('58a0a6cdaea2d4a884d648b0dde75b2898753e275cc0f621e8bdd26da404d2e10cb06e4d5ef98f88', 18, 3, 'admin_token', '[\"*\"]', 0, '2022-01-14 05:31:13', '2022-01-14 05:31:13', '2023-01-14 09:31:13'),
('5929e723b2a1483c25874eac0783a3e930aa803cfc3aa6178dee39841b00c4381efce3b99d523ddb', 38, 3, 'vendor_token', '[\"vendor\"]', 0, '2021-12-18 07:03:53', '2021-12-18 07:03:53', '2022-12-18 11:03:53'),
('5a3f0b8d29e4f440f2a1e13c09a1aa2462922ead6b8515df93bb557fd35c5608d111c1a1127a24b1', 8, 3, 'vendor_to', '[\"vendor\"]', 0, '2021-12-12 03:37:29', '2021-12-12 03:37:29', '2022-12-12 07:37:29'),
('5a8d2ec7fd3989aca47cffb0eb4f250ae5b809f0360690c8bd0acc8aae98aeaf86fe075724625246', 45, 3, 'token', '[\"customer\"]', 0, '2022-01-19 11:25:21', '2022-01-19 11:25:21', '2023-01-19 15:25:21'),
('5c418260cf40f421f6d4466753e1388d48c70154ebe59d80253d1e7020159f38a01215fb929fb0c4', 18, 3, 'admin_token', '[\"*\"]', 0, '2021-12-20 05:03:51', '2021-12-20 05:03:51', '2022-12-20 09:03:51'),
('5c93efb1ab8b6314c02b0355874313e9320f8704e6d5f2bf4a1578789f6d1caf0ef57e018bde26d2', 26, 3, 'vendor_token', '[\"vendor\"]', 0, '2021-12-12 06:37:01', '2021-12-12 06:37:01', '2022-12-12 10:37:01'),
('5cc0167affc423174fed948dd482aa786a79963a37306bb5493ac3471fb7a269a54841e1a0027fbb', 18, 3, 'admin_token', '[\"*\"]', 0, '2022-01-03 08:21:33', '2022-01-03 08:21:33', '2023-01-03 12:21:33'),
('5d100d5f03e9e6876e568cbc462138dbc54f7f7a88928cdef6fae7a8bd9941865cda983230fbc784', 45, 3, 'token', '[\"customer\"]', 0, '2022-01-21 06:37:40', '2022-01-21 06:37:40', '2023-01-21 10:37:40'),
('5d8f6ba6064c68fdd65d50c908e9028c54eb79158ad326c46fe42b0790048c25f43498b918465861', 24, 3, 'vendor_token', '[\"vendor\"]', 0, '2021-12-12 06:36:28', '2021-12-12 06:36:28', '2022-12-12 10:36:28'),
('5ff5eab06eb14684f86eff4312d80b2d7751606dbe3e5dbc4be414ce83764bac2701ee1e25969c58', 6, 3, 'vendor_to', '[\"vendor\"]', 0, '2021-12-12 03:22:57', '2021-12-12 03:22:57', '2022-12-12 07:22:57'),
('616f9ee4e94ebe12f867573203563342ec2098679d6509d553b5fe52eedb833195a9491377891849', 18, 3, 'admin_token', '[\"*\"]', 0, '2021-12-21 07:07:38', '2021-12-21 07:07:38', '2022-12-21 11:07:38'),
('62cf11f2fdd46848555a717b8096883a16c9cea108d15f9d7059e13110e63f3f61ce4cf56b79c2aa', 16, 3, 'vendor_to', '[\"vendor\"]', 0, '2021-12-12 06:29:23', '2021-12-12 06:29:23', '2022-12-12 10:29:23'),
('62d737086e8007ae54680224b54c469aaa74a6fcf14180e49718ec571dfe689ceecec16f3e2f0039', 38, 3, 'vendor_token', '[\"vendor\"]', 0, '2022-01-03 09:16:57', '2022-01-03 09:16:57', '2023-01-03 13:16:57'),
('63fef4a3b6e6e0acc3f573084acdd56ec4a5361a23a342174bb2322f368018797b2f1b41614c4d8d', 38, 3, 'vendor_token', '[\"vendor\"]', 0, '2021-12-27 10:40:40', '2021-12-27 10:40:40', '2022-12-27 14:40:40'),
('64a176ef3ae1a1447f6452586681fbe0058e2f68c405d6a4b765246c26d532218198e3fc40ba8395', 18, 3, 'admin_token', '[\"*\"]', 0, '2022-01-03 05:28:32', '2022-01-03 05:28:32', '2023-01-03 09:28:32'),
('64b3f8221d25cabada8adc1992ef51423f96035ababc8613fcf951c0b026cd0267e0d41e0d3de0b0', 32, 3, 'admin_token', '[\"*\"]', 0, '2021-12-15 01:43:49', '2021-12-15 01:43:49', '2022-12-15 05:43:49'),
('652c1e4dfb9bff780c670c1b4cf15448646e064eee446295c520eca3dba8525459d606e69d03d6ed', 38, 3, 'vendor_token', '[\"vendor\"]', 0, '2021-12-15 08:57:58', '2021-12-15 08:57:58', '2022-12-15 12:57:58'),
('65ac2b1fea83ec0163561d0dbb2a4d32c517617db1f28f9b9a7590fc6216dd661742a9d8ac6c230e', 36, 3, 'vendor_token', '[\"vendor\"]', 0, '2021-12-15 02:41:21', '2021-12-15 02:41:21', '2022-12-15 06:41:21'),
('65c6fa4795de3511d1fb070be350237eeeb84a596dbf7a16ef4ec48a6df03b719e72a4a21802dc1d', 38, 3, 'vendor_token', '[\"vendor\"]', 0, '2022-01-19 12:36:25', '2022-01-19 12:36:25', '2023-01-19 16:36:25'),
('6604b658c627afb48d54277d8cc06b3acc7ce704854b95838015250c8c38617f4bfe8a1bf1cb9dea', 38, 3, 'vendor_token', '[\"vendor\"]', 0, '2021-12-21 09:33:46', '2021-12-21 09:33:46', '2022-12-21 13:33:46'),
('6685308a0885d1f81775cd28f0e844426e54ece064b3f2609955c565f2937b0ff0a1c548d2c95bc2', 18, 3, 'admin_token', '[\"*\"]', 0, '2021-12-30 07:01:44', '2021-12-30 07:01:44', '2022-12-30 11:01:44'),
('67c6495a52081e14ce2f18c301bb962ac3062a12e972d0b97a793cf5fdb889088e39e2f6c6d92744', 18, 3, 'admin_token', '[\"*\"]', 0, '2022-01-24 12:34:42', '2022-01-24 12:34:42', '2023-01-24 16:34:42'),
('6918ee4d889cafb019c0c4730fd67550d4fd630adb599c3e496ae994acaa7260b256dd07a3969e9f', 18, 3, 'admin_token', '[\"*\"]', 0, '2022-01-03 06:35:10', '2022-01-03 06:35:10', '2023-01-03 10:35:10'),
('698839e788d9f94ff2be8e64194a8abfb6c7d82c308228ab9e1ca07cb56577e6a11ae538ddf21d7a', 18, 3, 'admin_token', '[\"*\"]', 0, '2022-01-03 06:52:04', '2022-01-03 06:52:04', '2023-01-03 10:52:04'),
('69ad46f0c132f979f463626cab4b1281aa71988e4f8abb03a9159ef2c3501ce4d935ac377c163c3d', 18, 3, 'admin_token', '[\"*\"]', 0, '2021-12-20 04:16:09', '2021-12-20 04:16:09', '2022-12-20 08:16:09'),
('6a7f4112198f267b269e20ca4d234d00391bc6fc54fe97dc2161435f76734a4a1494561bd92242c3', 18, 3, 'admin_token', '[\"*\"]', 0, '2021-12-20 06:40:15', '2021-12-20 06:40:15', '2022-12-20 10:40:15'),
('6e1d3ce871c106380f062dcda46f33911edd263346d6cf1708c7f81d61e2d4d67e168ab08fabef2b', 18, 3, 'admin_token', '[\"*\"]', 0, '2021-12-22 07:38:18', '2021-12-22 07:38:18', '2022-12-22 11:38:18'),
('6e29416910ba2a57d1fc7765922ef8aca59ec62f7bd4fec2a2a6d1aacc565da49b361e501ee4f8c0', 38, 3, 'vendor_token', '[\"vendor\"]', 0, '2021-12-16 01:55:59', '2021-12-16 01:55:59', '2022-12-16 05:55:59'),
('6f6dc1a4b0ac56e65ecb4056a3774239bcb30d0ca266192bc51b9704ba9f45989bf62106b9c285ec', 45, 3, 'token', '[\"customer\"]', 0, '2022-01-21 07:40:40', '2022-01-21 07:40:40', '2023-01-21 11:40:40'),
('6f8d3e8e95b36167f65f5838ca019350807a18e0200361dcdd30fdf9ad5878ee30f49e61f1825797', 45, 3, 'token', '[\"customer\"]', 0, '2022-01-25 11:23:10', '2022-01-25 11:23:10', '2023-01-25 15:23:10'),
('7179ae78e9eca06026ee74e1774f1b696e85edd013e3b70eaf222412f058b52704ca8cfe54a5e421', 23, 3, 'vendor_token', '[\"vendor\"]', 0, '2021-12-12 06:36:19', '2021-12-12 06:36:19', '2022-12-12 10:36:19'),
('721db5054eb1522b753e60fb28e3d1f8b366feb52660b2f951c823e43aa053402ea5ee8c054b9c6d', 14, 3, 'vendor_token', '[\"vendor\"]', 0, '2021-12-14 03:38:48', '2021-12-14 03:38:48', '2022-12-14 07:38:48'),
('72bb5de686c68cf751ed98dc968136f4986f7da628368e167e4a47663bfb864f557dc439e70b6374', 38, 3, 'vendor_token', '[\"vendor\"]', 0, '2022-01-03 08:23:57', '2022-01-03 08:23:57', '2023-01-03 12:23:57'),
('73eb4bab316be4eaa15d5c71c3d13a68f6129c3cf62246c44a182ea30cb13700e23504058caae412', 38, 3, 'vendor_token', '[\"vendor\"]', 0, '2021-12-25 10:20:27', '2021-12-25 10:20:27', '2022-12-25 14:20:27'),
('753470a14ff1e59e9b1d78ce1418250ec280c89a09f158f379afe3024e735de2c28ae4b96223dd52', 45, 3, 'token', '[\"customer\"]', 0, '2022-01-21 11:06:47', '2022-01-21 11:06:47', '2023-01-21 15:06:47'),
('7675dc0d1a24697215730519aa3b6a1ede8409029443923d7229d608b9fc270d06ae8db3124bfcbd', 45, 3, 'token', '[\"customer\"]', 0, '2022-01-18 09:12:12', '2022-01-18 09:12:12', '2023-01-18 13:12:12'),
('76f3ad1c230daa7146e40ae549c0e1c8595a407f6cec0a73c36301822bd7e893a6097f5b5631c3d0', 35, 3, 'token', '[\"customer\"]', 0, '2022-01-25 11:47:32', '2022-01-25 11:47:32', '2023-01-25 15:47:32'),
('77367061c6ab2a803423efeef9f6acee1d623b4ab2a0a54ef6a2f44c49324c2a6cee8cd2cf5effd2', 35, 3, 'token', '[\"customer\"]', 0, '2022-01-21 14:00:38', '2022-01-21 14:00:38', '2023-01-21 18:00:38'),
('7787bd048cef43237e3b3eb450852863e7fbb0e2e2e4926aff9c254c09bf988cae503c405dea5354', 1, 3, 'customer_token', '[\"customer\"]', 0, '2021-12-12 02:03:48', '2021-12-12 02:03:48', '2022-12-12 06:03:48'),
('787339c538c62c7bf07b9a14c4a7b4828cdcd44aca3d6d413d5b5b9cdd66ad9e25b4cc94337bb0a8', 18, 3, 'admin_token', '[\"*\"]', 0, '2022-01-07 06:16:19', '2022-01-07 06:16:19', '2023-01-07 10:16:19'),
('795506de68c9fff2cd206c442b043d0d46da544fefbe0fabe23ce755fbddb329154d23a816abb44e', 45, 3, 'token', '[\"customer\"]', 0, '2022-01-17 05:51:58', '2022-01-17 05:51:58', '2023-01-17 09:51:58'),
('79e59fa059b520b5a89567db0927463fe9fdc78c35259166b95645e859a1d35694ae13bc7316f6f8', 38, 3, 'vendor_token', '[\"vendor\"]', 0, '2021-12-18 02:52:01', '2021-12-18 02:52:01', '2022-12-18 06:52:01'),
('79f256618be8cb982684d1eea1906a8c6b92a3402ccaee5dda79bfab009bbc7e08afb03e722e37eb', 18, 3, 'admin_token', '[\"*\"]', 0, '2021-12-20 05:13:57', '2021-12-20 05:13:57', '2022-12-20 09:13:57'),
('7a04c7becb44c7214fae06060445e357d34444e19457b8f184a32e86c96aeec731753186dc50e7a7', 18, 3, 'admin_token', '[\"*\"]', 0, '2021-12-29 11:59:52', '2021-12-29 11:59:52', '2022-12-29 15:59:52'),
('7a6393be4221b452f57784e4df3153680af1f9c3b01ab21c9b8150e54f1d12756991e1d9442a50c4', 45, 3, 'token', '[\"customer\"]', 0, '2022-01-26 07:20:32', '2022-01-26 07:20:32', '2023-01-26 11:20:32'),
('7f4c441d7bda14761872fe27f1a6cceb130d9fa597884fd3cb4ae24a400fbf385ccc74c4a4bbd0f5', 45, 3, 'token', '[\"customer\"]', 0, '2022-01-21 06:33:39', '2022-01-21 06:33:39', '2023-01-21 10:33:39'),
('8100aa551a8bbb46074df637538ab37840a84e8bb33c2401b2e1827c433c04b98b08833a7e195721', 38, 3, 'vendor_token', '[\"vendor\"]', 0, '2021-12-18 02:55:19', '2021-12-18 02:55:19', '2022-12-18 06:55:19'),
('829b66c2867d28260fe1e040afd2f96526b60c29e968fe447c3e6c0ca9df6ea7160f58b3d4fbc912', 38, 3, 'vendor_token', '[\"vendor\"]', 0, '2021-12-30 11:57:32', '2021-12-30 11:57:32', '2022-12-30 15:57:32'),
('82e212f97e52df788fc8d093b726a7aa0c0cbdf757c56ddeadfe5cf40e6bbaf53592f983a39a2abc', 46, 3, 'customer_token', '[\"customer\"]', 0, '2022-01-13 08:32:31', '2022-01-13 08:32:31', '2023-01-13 12:32:31'),
('8354676f6cbfed5a336633904f253cabf61314946a89e6c2ddf1fa84f3a7e7db5e212a82340e2b26', 38, 3, 'vendor_token', '[\"vendor\"]', 0, '2022-01-19 12:40:45', '2022-01-19 12:40:45', '2023-01-19 16:40:45'),
('83984f5b1d35100f074d66f4a24eb9c02ecc4fb6e91528bcb9c2610266e2ae0c844927b1aa13639c', 45, 3, 'token', '[\"customer\"]', 0, '2022-01-21 06:32:51', '2022-01-21 06:32:51', '2023-01-21 10:32:51'),
('85c92813ec179651a17c6a7a30438f0e357e836d0a7e870a7a4e042a4d9f12e6dc4bbb9b3eb5efda', 45, 3, 'token', '[\"customer\"]', 0, '2022-01-21 13:01:49', '2022-01-21 13:01:49', '2023-01-21 17:01:49'),
('897b56e46d7e4d8df20d6a6d91ed0cbec92c966329e900ed5dcdcae623d06d2388ad6236e31b2cb4', 45, 3, 'token', '[\"customer\"]', 0, '2022-02-01 05:50:29', '2022-02-01 05:50:29', '2023-02-01 09:50:29'),
('8bebc91e6e08ed0f8c84a36da0819dff856e7c188145288180af35deda76891e35deb4dbd5a7d094', 1, 3, 'vendor_token', '[\"vendor\"]', 0, '2021-12-12 06:45:49', '2021-12-12 06:45:49', '2022-12-12 10:45:49'),
('8d7b060feaae8f45a9d7fdbe428681bca32a4c76c1fbb1820b4f45058249c818a221529b2ef09e71', 38, 3, 'vendor_token', '[\"vendor\"]', 0, '2021-12-18 03:53:26', '2021-12-18 03:53:26', '2022-12-18 07:53:26'),
('8d8ff0a78943561e0a945e9c6e554501209cd18225994101ff5276fb1afa5e84d1bc83205ef745a5', 5, 3, 'admin_token', '[\"*\"]', 0, '2021-12-13 01:26:21', '2021-12-13 01:26:21', '2022-12-13 05:26:21'),
('8d91ec97b449b94eb61ab0596db7a6335f0ff7914a827bc82bf2b144e094602d58703ec61db3cb42', 14, 3, 'vendor_token', '[\"vendor\"]', 0, '2021-12-13 05:28:24', '2021-12-13 05:28:24', '2022-12-13 09:28:24'),
('8dd364ad0e91b251244a45dbbc123e184960ee6e4dcf33fdec3f3e783949b7d74f818248524cf222', 18, 3, 'admin_token', '[\"*\"]', 0, '2022-01-03 05:29:12', '2022-01-03 05:29:12', '2023-01-03 09:29:12'),
('8e0e08e1387349952902afe34b041364afdece9842f817a96b9d24c34cc3912a4500ea686c609f58', 18, 3, 'admin_token', '[\"*\"]', 0, '2022-01-03 08:26:48', '2022-01-03 08:26:48', '2023-01-03 12:26:48'),
('8fff42347ce231266a33c56a1737698c042e9ecfd5149a5b41f190a14adf339cd1b5c596da5962e2', 14, 3, 'vendor_token', '[\"vendor\"]', 0, '2021-12-13 05:27:23', '2021-12-13 05:27:23', '2022-12-13 09:27:23'),
('90e117b4c6116a813baec6c044fd37b601cc450fd4be542a8e8b3ead4ae5a6f4c477334205194f74', 18, 3, 'admin_token', '[\"*\"]', 0, '2022-01-03 06:59:59', '2022-01-03 06:59:59', '2023-01-03 10:59:59'),
('91288800953d880a13b23571911ae2c457db76237052d8113d6180e6c56fbd2e6ec73b061cb890c7', 35, 3, 'token', '[\"customer\"]', 0, '2022-01-26 05:34:51', '2022-01-26 05:34:51', '2023-01-26 09:34:51'),
('91cd1456099caf1e123c0a6f5b413f16c9ced8e862a2e4c55183bb91f685d5cd041504cc9922ea3f', 18, 3, 'admin_token', '[\"*\"]', 0, '2021-12-30 12:13:52', '2021-12-30 12:13:52', '2022-12-30 16:13:52'),
('92180f8aace49e2ba3879df28f222ada53f203ca587fdb521e4032623102db46c06fb919f00684d2', 18, 3, 'admin_token', '[\"*\"]', 0, '2022-01-03 09:31:04', '2022-01-03 09:31:04', '2023-01-03 13:31:04'),
('929fc4d4b8d2363c7d9c3921b2d848b1c7182e9a1b6dc89a89c62eb86837b28379abbf9d2048629c', 7, 3, 'vendor_to', '[\"vendor\"]', 0, '2021-12-12 03:23:11', '2021-12-12 03:23:11', '2022-12-12 07:23:11'),
('94af609d36c6d019b3aef171c67bdf48fb809612a9adef076c0e217685e8a120eeb06351bf7b4189', 38, 3, 'vendor_token', '[\"vendor\"]', 0, '2021-12-16 06:56:19', '2021-12-16 06:56:19', '2022-12-16 10:56:19'),
('969888055b2d9d03fc70d39b556e01f482a34c1452290010a50a7ce05128334cd48a189869f425f7', 9, 3, 'vendor_token', '[\"vendor\"]', 0, '2021-12-12 07:28:10', '2021-12-12 07:28:10', '2022-12-12 11:28:10'),
('97614badce9b2edb2d8fb8f2708ad4278e8dd424bc36a783a69b613345223ef8129ba79b982bc9b6', 38, 3, 'vendor_token', '[\"vendor\"]', 0, '2022-01-19 12:35:58', '2022-01-19 12:35:58', '2023-01-19 16:35:58'),
('977dcedea130b014d8555ae98fbf93ee309fdb6fc13a047c8b360f7042d6c701133b8c886b0f65f4', 45, 3, 'token', '[\"customer\"]', 0, '2022-01-26 05:34:18', '2022-01-26 05:34:18', '2023-01-26 09:34:18'),
('9813c0db6feabcd01c2b1c12a09e847ebea70dee79f4e7ccf6a0efeccbcc8e76f4e8ec9f729d2f5f', 45, 3, 'customer_token', '[\"customer\"]', 0, '2022-01-13 08:20:12', '2022-01-13 08:20:12', '2023-01-13 12:20:12'),
('989e1c9bdf77a9690a99d1cd274acf72d03aa540c85ec24dc85341f6c683ed477e57aa0c106ddb55', 1, 3, 'vendor_token', '[\"customer\"]', 0, '2021-12-12 08:03:10', '2021-12-12 08:03:10', '2022-12-12 12:03:10'),
('9c04c03d95c61df63929a6b8a6e3198dbf65cd00f050a8066e683e4316705b55f722c1f6c187fa53', 51, 3, 'token', '[\"customer\"]', 0, '2022-01-24 08:58:33', '2022-01-24 08:58:33', '2023-01-24 12:58:33'),
('9cf671c844fbaeee4afbb445e67edd8243066f904435b36fb9b16d3462f59f74803157bd81602135', 38, 3, 'vendor_token', '[\"vendor\"]', 0, '2021-12-19 01:26:55', '2021-12-19 01:26:55', '2022-12-19 05:26:55'),
('9d687026c2dc7315e26d5ff151a330cd746591a945911c28f692ea3cb42adde3496c1d92736cbd9e', 18, 3, 'admin_token', '[\"*\"]', 0, '2022-01-03 06:19:22', '2022-01-03 06:19:22', '2023-01-03 10:19:22'),
('9db64c193f9678d60d11381dc4b7590a5e3598b39a1431ef4ffeac869433f28e43b5e478b44cfd06', 45, 3, 'token', '[\"customer\"]', 0, '2022-01-21 06:36:15', '2022-01-21 06:36:15', '2023-01-21 10:36:15'),
('9dd537851cc7b626e5b6c2fb33b37457c5748b6e91e5320d3b2f8b745416e7de53e4feeab5190e97', 18, 3, 'admin_token', '[\"*\"]', 0, '2022-01-03 06:15:23', '2022-01-03 06:15:23', '2023-01-03 10:15:23'),
('9ddf738c7ee03278fbd426dc520848c56f86061bd9b9ad6c493480b4018cf93ad7c1d4f855278bd0', 51, 3, 'token', '[\"customer\"]', 0, '2022-01-26 05:39:03', '2022-01-26 05:39:03', '2023-01-26 09:39:03'),
('9e603b679ed8f18719cb843435e5e75975b6af5ee082838f75a86eb1fcc927ee131c0e090a941a77', 45, 3, 'token', '[\"customer\"]', 0, '2022-01-24 07:24:02', '2022-01-24 07:24:02', '2023-01-24 11:24:02'),
('9ee7a2ebfaa9480ea1f5dccf74d7aee8974064bfd6683eeb994cbb049a0d5bbccb0f7fcafb6e0746', 38, 3, 'vendor_token', '[\"vendor\"]', 0, '2021-12-18 03:23:42', '2021-12-18 03:23:42', '2022-12-18 07:23:42'),
('9ee7f5102a511a7ecd35d8acc75a95cd098e299cd4637c3c9452dcf2e057985633d9a8a40fed0687', 2, 3, 'vendor_token', '[\"vendor\"]', 0, '2021-12-12 08:18:52', '2021-12-12 08:18:52', '2022-12-12 12:18:52'),
('9f9fd4f1c2f535d1f1574eba4624bdfa6afa48938ca123b870253c26b1c705da255e77bd957f0efc', 38, 3, 'vendor_token', '[\"vendor\"]', 0, '2021-12-20 05:11:56', '2021-12-20 05:11:56', '2022-12-20 09:11:56'),
('9faec005d718d84cd06eb1e22c569b9c550c5233cba1fb908a6919ef34d60b7750a28ff8c02b460c', 18, 3, 'admin_token', '[\"*\"]', 0, '2022-01-21 08:42:38', '2022-01-21 08:42:38', '2023-01-21 12:42:38'),
('9ff68660e1f2a724fd65a34ab69a2362abd61fd761a1f5ed3a622d16b794c75bf49bf332e8bc64cd', 20, 3, 'customer_token', '[\"customer\"]', 0, '2021-12-14 07:04:59', '2021-12-14 07:04:59', '2022-12-14 11:04:59'),
('a09b67637fe37e8381539020bac3ea128f900b332b0f3837a4d3fb0e0ac613f86946674bef890f48', 51, 3, 'token', '[\"customer\"]', 0, '2022-01-21 07:48:14', '2022-01-21 07:48:14', '2023-01-21 11:48:14'),
('a0e430cb18a1a65a630383d7cb6a10db8cdcf839a661f42a1f6b7d9ac2cd6c9aeed2e19c3f9dcf41', 51, 3, 'token', '[\"customer\"]', 0, '2022-01-24 08:58:31', '2022-01-24 08:58:31', '2023-01-24 12:58:31'),
('a1f306437a39c150a66d72abdffe2bad221499cecf4dd300c13aa83d87ad2d87b21b774e497b88ea', 45, 3, 'token', '[\"customer\"]', 0, '2022-01-18 11:15:51', '2022-01-18 11:15:51', '2023-01-18 15:15:51'),
('a232563d5c4d5db698a9b340f5ac5c498c944984a95ed6a398f25133c14b7fbf2177d98dff6ee7b4', 18, 3, 'admin_token', '[\"*\"]', 0, '2021-12-20 03:23:28', '2021-12-20 03:23:28', '2022-12-20 07:23:28'),
('a3073f86b469b2a26db3cd419c7b508d473cb8922f67f473431b2707640ffe3f1f7234f4a529c912', 20, 3, 'vendor_token', '[\"customer\"]', 0, '2021-12-14 07:02:33', '2021-12-14 07:02:33', '2022-12-14 11:02:33'),
('a3a3fbc0c38dc67017ea489d79508ddf6322ae97a9c5c491e911ffdd426021167a7e053df6dcbab6', 35, 3, 'vendor_token', '[\"customer\"]', 0, '2021-12-15 02:38:26', '2021-12-15 02:38:26', '2022-12-15 06:38:26'),
('a3cced7cca1f5aa42e993650098788f38f8ff93e5b6bd91aa1c732593cfd24a9417fdbf3e823153f', 38, 3, 'vendor_token', '[\"vendor\"]', 0, '2021-12-20 03:37:17', '2021-12-20 03:37:17', '2022-12-20 07:37:17'),
('a4c4b475a30cd5a8961465e9b4a346017f62d9575024323e491f9ed5309371f2f31f4f0857149f7a', 38, 3, 'vendor_token', '[\"vendor\"]', 0, '2021-12-15 08:58:15', '2021-12-15 08:58:15', '2022-12-15 12:58:15'),
('a5026fe01a7c81acf65696aa98b3a8930282b5adc7b74beb156a9e4a7b9aaa01e650f8835ed4b79c', 38, 3, 'vendor_token', '[\"vendor\"]', 0, '2021-12-16 01:43:12', '2021-12-16 01:43:12', '2022-12-16 05:43:12'),
('a6227cf05fb4ab241c1b9a10dcea083a51e2809f63a0088eb0fac39a80e47717e6e24c1f7a8f87fb', 45, 3, 'token', '[\"customer\"]', 0, '2022-01-21 06:39:14', '2022-01-21 06:39:14', '2023-01-21 10:39:14'),
('a63ab761a7b64ee61e538f477249c545bd4c331ddcbb3b3f126882ac56d8778740aa15cb8ec5f9a9', 5, 3, 'admin_token', '[\"*\"]', 0, '2021-12-14 02:37:04', '2021-12-14 02:37:04', '2022-12-14 06:37:04'),
('a6823f65f0ba5b1bdc4e9166335a8b4721c615220c9dc77dea5c8c1553be5a65159e681cf45c342a', 14, 3, 'vendor_token', '[\"vendor\"]', 0, '2021-12-13 05:28:13', '2021-12-13 05:28:13', '2022-12-13 09:28:13'),
('a6dd2b7bf4aa7e88997a3a3ca3f808ea8bffaeff827932b8a25e213bdff4ad36c9364c3113519fe9', 18, 3, 'admin_token', '[\"*\"]', 0, '2022-01-21 08:16:50', '2022-01-21 08:16:50', '2023-01-21 12:16:50'),
('a8a9ae5e182c43de20c57c278e527a9dcbf3951365dafb7f393d51b5266505dac63f1155b37f91b3', 38, 3, 'vendor_token', '[\"vendor\"]', 0, '2021-12-18 07:55:00', '2021-12-18 07:55:00', '2022-12-18 11:55:00'),
('a930f9199aa3eb226ef65491c541aa63aa67ab9ff9c9bcd7f041f4526fc2e2a0fd918e22eda8c06c', 38, 3, 'vendor_token', '[\"vendor\"]', 0, '2021-12-19 06:30:51', '2021-12-19 06:30:51', '2022-12-19 10:30:51'),
('a9932f68dc8b0afd7fb6d7786a6ccc87c77e91b320f376f514550244a7bc7433215288ee370b2fdd', 38, 3, 'vendor_token', '[\"vendor\"]', 0, '2021-12-20 01:49:31', '2021-12-20 01:49:31', '2022-12-20 05:49:31'),
('aa6050caf878106aba213efde9226230bdce2f250283de995a51c43a260b407fb3b562e4919bcd0d', 38, 3, 'vendor_token', '[\"vendor\"]', 0, '2021-12-27 10:32:02', '2021-12-27 10:32:02', '2022-12-27 14:32:02'),
('ad0dacc2215ec8f612624307c6a7ab6c6a7a1c8b89a6597c553a0da5896f189d11792329aad1205a', 45, 3, 'token', '[\"customer\"]', 0, '2022-01-25 11:28:46', '2022-01-25 11:28:46', '2023-01-25 15:28:46'),
('af53f5962ee7f679f2fb84c1472addec8b3d39fa26b85344f7f073491d55a16cab8c51f05121f802', 18, 3, 'admin_token', '[\"*\"]', 0, '2022-01-03 06:54:40', '2022-01-03 06:54:40', '2023-01-03 10:54:40'),
('afef33e4160f314607574e093523fc24ddc78012ca2f745486fce496f1e3654287e3a8ae91efd813', 45, 3, 'token', '[\"customer\"]', 0, '2022-01-17 12:31:53', '2022-01-17 12:31:53', '2023-01-17 16:31:53'),
('b1b34738b96bbe88298d2cb9ae57d7d41538ccf94fad6a8677b3327563f4ad0b756f290c9cccae2f', 51, 3, 'token', '[\"customer\"]', 0, '2022-01-26 05:39:52', '2022-01-26 05:39:52', '2023-01-26 09:39:52'),
('b2ea0fb16d75ca1f28a799bbb31e429e1e9c3f93f4b4f4ce4bbfabc0242cfe1c74c80785cbbd8df5', 38, 3, 'vendor_token', '[\"vendor\"]', 0, '2021-12-18 03:24:30', '2021-12-18 03:24:30', '2022-12-18 07:24:30'),
('b3b19cd8a86b2989e464fe6c99a0b70231f9b1531f996f3638a24245183cdbd4bf083fe3b9967650', 18, 3, 'admin_token', '[\"*\"]', 0, '2022-01-07 06:18:30', '2022-01-07 06:18:30', '2023-01-07 10:18:30'),
('b3b8429774e377a8323593de6e47f9ca620669ccf33f1c023e7a690917476335248d077955d005fb', 44, 3, 'customer_token', '[\"customer\"]', 0, '2022-01-13 08:17:54', '2022-01-13 08:17:54', '2023-01-13 12:17:54'),
('b478a3169dbc02bc542bdec786d4ae551909f9aab47493d491af70ac683f6a1dadf7683af4848549', 38, 3, 'vendor_token', '[\"vendor\"]', 0, '2022-01-21 07:16:36', '2022-01-21 07:16:36', '2023-01-21 11:16:36'),
('b5f8dec7ecbeb1f5800d514affa515e75d0ad00aa741d4db205a165201f97f5275ba1d3b93c6bcf9', 38, 3, 'vendor_token', '[\"vendor\"]', 0, '2021-12-18 08:14:00', '2021-12-18 08:14:00', '2022-12-18 12:14:00'),
('b635b0bc1b981f866f22c1fdc9abed4d777f5cad1325c1a85fbb38838b3e728ddcfabe1dd011575b', 45, 3, 'token', '[\"customer\"]', 0, '2022-01-13 11:24:49', '2022-01-13 11:24:49', '2023-01-13 15:24:49'),
('b6af6d0700acabe96e141e7b77c8638941e2fa054fabf8147effa6d2bc01398268423f9afec19352', 38, 3, 'vendor_token', '[\"vendor\"]', 0, '2021-12-27 10:41:16', '2021-12-27 10:41:16', '2022-12-27 14:41:16'),
('b728c9d83943935ad6eab68242bfcf01f0e4d0914ec44273a50f26fa86075203a3ae0e589663a0c5', 45, 3, 'token', '[\"customer\"]', 0, '2022-01-21 06:36:02', '2022-01-21 06:36:02', '2023-01-21 10:36:02'),
('b78321e701a81f9c4b70e2197a883ae764496848c08be2312779245e5b89c583e57f3edf0f6f328c', 18, 3, 'admin_token', '[\"*\"]', 0, '2022-01-21 04:46:42', '2022-01-21 04:46:42', '2023-01-21 08:46:42'),
('ba5ca2592058788a2140c429fdd1539e547700ad44bb9eb9b9e6a918c022ba409a40b1629d1da036', 51, 3, 'token', '[\"customer\"]', 0, '2022-01-21 09:01:02', '2022-01-21 09:01:02', '2023-01-21 13:01:02'),
('bb8b4c823042f1ff9643cc72b50fbd667192341216184c689c4d0b620f98cb320e6191b024cbf84c', 6, 3, 'vendor_to', '[\"vendor\"]', 0, '2021-12-12 05:30:49', '2021-12-12 05:30:49', '2022-12-12 09:30:49'),
('bb9ba09666e41086e15098cc5003bfdea58e730289f98037a293cf1faaf69d14431621d074061af1', 9, 3, 'vendor_to', '[\"vendor\"]', 0, '2021-12-12 06:20:39', '2021-12-12 06:20:39', '2022-12-12 10:20:39'),
('bcea6e0df60ffdf7c6347c9bbe481d19438d70f9bb468740d135396aae330f47a06db393cc6b7cfb', 18, 3, 'admin_token', '[\"*\"]', 0, '2022-01-25 05:40:18', '2022-01-25 05:40:18', '2023-01-25 09:40:18'),
('bd25adf7692b77b5c8a0b7a0f8c59d43b42e499247b63093b0f7a3784a506cc78e1c84fb85f39e93', 38, 3, 'vendor_token', '[\"vendor\"]', 0, '2021-12-27 10:42:27', '2021-12-27 10:42:27', '2022-12-27 14:42:27'),
('be09ef039a163c9081c2ccdf7e5e13f4b21d09c80d55a111244030f2add8cb2c7904217b806f904f', 18, 3, 'admin_token', '[\"*\"]', 0, '2022-01-03 07:37:53', '2022-01-03 07:37:53', '2023-01-03 11:37:53'),
('be46341f999895309f67cf052870a5c3edf402f5ac5ff9b23257542bb1965d97d22650ef0adca58f', 35, 3, 'token', '[\"customer\"]', 0, '2022-01-21 13:41:03', '2022-01-21 13:41:03', '2023-01-21 17:41:03'),
('bef0d4a2badccb005a9b611f8ade5e0d3aa26c1e41bcd7662ce6031e341c77599129729cf6c227d2', 18, 3, 'admin_token', '[\"*\"]', 0, '2022-01-07 06:21:29', '2022-01-07 06:21:29', '2023-01-07 10:21:29'),
('bfcbe2c867a002e331933b23a446ef8c15cba8f0f250070ead11868f09803bb1906941558b1fb2ec', 18, 3, 'admin_token', '[\"*\"]', 0, '2022-02-01 06:45:59', '2022-02-01 06:45:59', '2023-02-01 10:45:59'),
('c0e70117510c8285585ae347326efef7a064b939df4d48464a452b2786b7932968a5192cbafe16e7', 45, 3, 'token', '[\"customer\"]', 0, '2022-01-25 11:26:36', '2022-01-25 11:26:36', '2023-01-25 15:26:36'),
('c19fea57a1073a2558ce255603c25760dfff40d17052611965d7104817640a83817bf92fb5ac50c0', 45, 3, 'token', '[\"customer\"]', 0, '2022-01-26 07:16:22', '2022-01-26 07:16:22', '2023-01-26 11:16:22'),
('c21f59bd4b288f44558730262fb9f280d322770b2a30e467bf56ab1613c97883dfe1ce16989594d1', 38, 3, 'vendor_token', '[\"vendor\"]', 0, '2021-12-27 10:31:20', '2021-12-27 10:31:20', '2022-12-27 14:31:20'),
('c228aff016a2b99ab3fc227246170035d94753a7d4e10c6524dce921f8ac29024c597f617e7f706a', 38, 3, 'vendor_token', '[\"vendor\"]', 0, '2021-12-16 09:58:59', '2021-12-16 09:58:59', '2022-12-16 13:58:59'),
('c3893ff0fd23423712e8bc558b2458d17216706522f9d727e57d7576f22af1e97d224e418758dfb0', 35, 3, 'token', '[\"customer\"]', 0, '2022-01-13 06:13:59', '2022-01-13 06:13:59', '2023-01-13 10:13:59'),
('c66f292a44f56d5efc076f10cb35790c4ec154448e56730676d41eee42c793e420ae3761d2c5fb82', 18, 3, 'admin_token', '[\"*\"]', 0, '2022-01-20 04:56:38', '2022-01-20 04:56:38', '2023-01-20 08:56:38'),
('c74ca39ea4c8f97e78ec37b320041e774373b0c1baa6a07faa12deea182c11fdbb3638655e1fada5', 18, 3, 'admin_token', '[\"*\"]', 0, '2022-01-03 04:55:00', '2022-01-03 04:55:00', '2023-01-03 08:55:00'),
('c844bd3ea89fc728ba65ae7c980fdf45870772b72900141584dc42fd2f96a077bee66a96da675bd9', 35, 3, 'token', '[\"customer\"]', 0, '2022-01-13 07:09:15', '2022-01-13 07:09:15', '2023-01-13 11:09:15'),
('c8bab8522f95aa8716bef6f19e307754b3a1080b2d3deacdb47855e250e4f13fe2f62dced1279f3f', 14, 3, 'vendor_token', '[\"vendor\"]', 0, '2021-12-13 05:22:04', '2021-12-13 05:22:04', '2022-12-13 09:22:04'),
('c930b028de514dacb17ff4a8af34d2b13f3150b9f4969a2b83c9920e02d269bab157dc1948ea0a61', 45, 3, 'token', '[\"customer\"]', 0, '2022-01-17 12:35:05', '2022-01-17 12:35:05', '2023-01-17 16:35:05'),
('c98f46699bfb1f18567d70a650ced6a36634321fc5c0f86a90487148971c1fe16604fd46d1bfb086', 38, 3, 'vendor_token', '[\"vendor\"]', 0, '2021-12-22 11:39:58', '2021-12-22 11:39:58', '2022-12-22 15:39:58'),
('cab86fdd25c3515e4d0cfa05140008e1ac5789377a0ddfff3d795d2c814e52fbc00dc2aa1ab12f10', 18, 3, 'admin_token', '[\"*\"]', 0, '2022-01-21 05:10:43', '2022-01-21 05:10:43', '2023-01-21 09:10:43'),
('cb7a59497d51f2081cd4394a6280726fb87de77097ecbc8bd1b250a84967dcc34dfbed04c652c47a', 51, 3, 'token', '[\"customer\"]', 0, '2022-01-24 08:59:26', '2022-01-24 08:59:26', '2023-01-24 12:59:26'),
('cbfdb374b7eb5827e28545364c2c15d5d146b7fb83bd0b90a6d7f896dc6c674a9a073ab60d0a1590', 38, 3, 'vendor_token', '[\"vendor\"]', 0, '2021-12-27 10:30:24', '2021-12-27 10:30:24', '2022-12-27 14:30:24'),
('cd01a6d8b00000d1b51b43f23cd1af1ae561183f5b334c2b160282ef6c9f2de09e066a63eb146a4a', 45, 3, 'token', '[\"customer\"]', 0, '2022-01-21 06:36:15', '2022-01-21 06:36:15', '2023-01-21 10:36:15'),
('cd4eef4be6bdf67d47ef75c55c1d5297be6627bde7048ea4c3e7bf1c9a2c32c6832b3b8c28677bc7', 18, 3, 'admin_token', '[\"*\"]', 0, '2022-01-03 07:03:31', '2022-01-03 07:03:31', '2023-01-03 11:03:31'),
('ce1cca7e5be1309107ed4775030a488cba50d75898a3fd38a35b3b010b6221b4ded86d8eb8a2386c', 38, 3, 'vendor_token', '[\"vendor\"]', 0, '2021-12-20 03:51:51', '2021-12-20 03:51:51', '2022-12-20 07:51:51'),
('ce25c9006d097389e37754321bca897e01d778f2536c3ca8c947ec4660294b1dbe7412e31e0ab53a', 38, 3, 'vendor_token', '[\"vendor\"]', 0, '2021-12-27 10:28:17', '2021-12-27 10:28:17', '2022-12-27 14:28:17'),
('cea4f3bcc9b1c5f6b3f014c76ef94a58ac9083b98908cf1722eaacf6d60cd13d3067b5673c64fe1b', 30, 3, 'vendor_token', '[\"vendor\"]', 0, '2021-12-14 09:55:21', '2021-12-14 09:55:21', '2022-12-14 13:55:21');
INSERT INTO `oauth_access_tokens` (`id`, `user_id`, `client_id`, `name`, `scopes`, `revoked`, `created_at`, `updated_at`, `expires_at`) VALUES
('d01a3a97ff1664ed8fca2e58458caca34739fa8ce2bbf0668fff6c47a820d027766896487e05bd4c', 48, 3, 'vendor_token', '[\"vendor\"]', 0, '2022-01-17 13:51:01', '2022-01-17 13:51:01', '2023-01-17 17:51:01'),
('d1993ce8e7f8049d96f1ab5aa7160e611898840c595f9fb432150932d977c8e0acabeb214b1c8bed', 51, 3, 'token', '[\"customer\"]', 0, '2022-01-21 08:45:14', '2022-01-21 08:45:14', '2023-01-21 12:45:14'),
('d230ae5a9599b9d538982d0bf4fd10a716b2c3a2555ee404db4bb3ad68ddfdce37888175a607237f', 18, 3, 'admin_token', '[\"*\"]', 0, '2022-01-03 08:22:26', '2022-01-03 08:22:26', '2023-01-03 12:22:26'),
('d4649ae9fb4ba3def1bb7904ee36cff7b81dfc7dadb1d5ceabcc5d47b1d6cf2a473d9468fd37c4d3', 18, 3, 'admin_token', '[\"*\"]', 0, '2022-01-17 07:25:19', '2022-01-17 07:25:19', '2023-01-17 11:25:19'),
('d47246ebe4898cdf5a71e01612846fb0460023dd410294fe3356fc40cfbfdad961f9aecf55074527', 45, 3, 'token', '[\"customer\"]', 0, '2022-01-13 11:30:56', '2022-01-13 11:30:56', '2023-01-13 15:30:56'),
('d505d4e7e7677136fb3e6e1fba2b9c739c83303ec1fad537ecd7f5d106f6a2e58a09e4e02089ece7', 18, 3, 'admin_token', '[\"*\"]', 0, '2021-12-21 11:01:13', '2021-12-21 11:01:13', '2022-12-21 15:01:13'),
('d581a162686860250f59f3856b40173005622196540d13f6b7072a10ef2db17138e238d7aaeb6335', 45, 3, 'token', '[\"customer\"]', 0, '2022-01-13 11:23:30', '2022-01-13 11:23:30', '2023-01-13 15:23:30'),
('d6168d1f000a2c56ad525692da0e61e0c9229ed7eb3744672c134151e340beea20d9bb8e9dccb15f', 10, 3, 'vendor_to', '[\"vendor\"]', 0, '2021-12-12 06:21:10', '2021-12-12 06:21:10', '2022-12-12 10:21:10'),
('d67d67f96730171978ecfd5368fd1882bc91b071717c10e459b7e3b84aea110f8788a8326a7a7a33', 14, 3, 'vendor_token', '[\"vendor\"]', 0, '2021-12-13 04:46:25', '2021-12-13 04:46:25', '2022-12-13 08:46:25'),
('d6ffa9b1cd754a99478c85ed964d4d99653cf013aac8582d4f365a2a86f6b81ff18a97888c6a854e', 38, 3, 'vendor_token', '[\"vendor\"]', 0, '2022-02-01 05:55:49', '2022-02-01 05:55:49', '2023-02-01 09:55:49'),
('d737ce0d2004886b3eb0d61728ba9e487ac50fbfe6ae04df70ea78e5e1c0185b95b7881d6633b697', 38, 3, 'vendor_token', '[\"vendor\"]', 0, '2021-12-26 08:00:10', '2021-12-26 08:00:10', '2022-12-26 12:00:10'),
('d7ab714e0043762900bf2ff91d2d9ec985e3c856930d0fa3c77a9656d5a46f1b7a0fade79c911980', 51, 3, 'token', '[\"customer\"]', 0, '2022-01-24 08:59:52', '2022-01-24 08:59:52', '2023-01-24 12:59:52'),
('d86cf431915f69947b3c29be568b9b5e944d1e4804d93cb7b21be7e24add06cea474c198f6fb4310', 38, 3, 'vendor_token', '[\"vendor\"]', 0, '2021-12-20 01:32:14', '2021-12-20 01:32:14', '2022-12-20 05:32:14'),
('d8f9067333fdfe8a61ef0a9222700dc236e50b00f350cce32d95a257f5066e22196d598aedcd1f59', 36, 3, 'vendor_token', '[\"vendor\"]', 0, '2022-01-18 11:03:33', '2022-01-18 11:03:33', '2023-01-18 15:03:33'),
('d948e0477061e35fef735ff1b1f450f3e2c0655885b59a5ccd37894c3886f4d79d2e15489f2e4f95', 38, 3, 'vendor_token', '[\"vendor\"]', 0, '2021-12-22 11:45:19', '2021-12-22 11:45:19', '2022-12-22 15:45:19'),
('de4813c57870bf449ce0c2fe981932ade8d8ebbd18007abdceba89ae8c0e86b385c9ad72f639823f', 45, 3, 'token', '[\"customer\"]', 0, '2022-01-17 12:33:24', '2022-01-17 12:33:24', '2023-01-17 16:33:24'),
('de7dbebd87a1368b1d0f29e0e58cd4579fdcf6cc4e0a57f2e7a442c8d85347520de853ff73158502', 5, 3, 'vendor_token', '[\"vendor\"]', 0, '2021-12-12 08:59:35', '2021-12-12 08:59:35', '2022-12-12 12:59:35'),
('dfc843eb9c92bb474a5ad1ec71a688a66da9169e33d0e994c3106dae9dc892a0d4cd4c8bab3ecdd1', 18, 3, 'admin_token', '[\"*\"]', 0, '2022-01-07 06:20:21', '2022-01-07 06:20:21', '2023-01-07 10:20:21'),
('dfef3263d31b907f459d69448e5a86ca7e26394299ab8e8692ed1e996fd26d9b94c50172cb27e400', 38, 3, 'vendor_token', '[\"vendor\"]', 0, '2022-01-21 05:40:44', '2022-01-21 05:40:44', '2023-01-21 09:40:44'),
('e113bd54d5303b6703779829023441a6f6c5e2b862a8a1b1c74b6d21350090622c9ae41d6b016c5e', 31, 3, 'vendor_token', '[\"vendor\"]', 0, '2021-12-14 09:56:00', '2021-12-14 09:56:00', '2022-12-14 13:56:00'),
('e14f895134009cea67cade9c33147c885adcc5b37bde00e72e77e4a1d7b081e33c4d762fee0f5477', 38, 3, 'vendor_token', '[\"vendor\"]', 0, '2022-01-19 13:51:17', '2022-01-19 13:51:17', '2023-01-19 17:51:17'),
('e17f13d8852f5c5a9880c25790c32da8521ce9f35f66e309ba03e8d2235aa1634339be6e696689e6', 13, 3, 'vendor_to', '[\"vendor\"]', 0, '2021-12-12 06:24:53', '2021-12-12 06:24:53', '2022-12-12 10:24:53'),
('e198f91ac9e664ad522aa632da99278e342ca28787afbd90452e67f3c463cc39b5d589e00c916e0d', 38, 3, 'vendor_token', '[\"vendor\"]', 0, '2021-12-18 06:14:48', '2021-12-18 06:14:48', '2022-12-18 10:14:48'),
('e19e897884065ad9e6dfc2c361f31e13d9454c298203becc0ea74adffe07f0e94c1a46f26db87a43', 18, 3, 'admin_token', '[\"*\"]', 0, '2022-01-24 09:18:44', '2022-01-24 09:18:44', '2023-01-24 13:18:44'),
('e1dcffe03ddbb7b7b35aeca88f1d1005a132980ab9414408bbb6c7d5a41301cb7ec4c47132fd4900', 1, 3, 'customer_token', '[\"customer\"]', 0, '2021-12-12 08:12:22', '2021-12-12 08:12:22', '2022-12-12 12:12:22'),
('e21e6d18c43633790809945940aba40c849ad68f7274537c8a28f52ff386bbfd7ad242fbb9c2e8ae', 45, 3, 'token', '[\"customer\"]', 0, '2022-01-21 11:21:35', '2022-01-21 11:21:35', '2023-01-21 15:21:35'),
('e2990513d43aeb580d21edc36fe4b4175cf0b472aa0f5df52f3276d54dcca25c7a4638db1a73922e', 38, 3, 'vendor_token', '[\"vendor\"]', 0, '2021-12-23 10:35:19', '2021-12-23 10:35:19', '2022-12-23 14:35:19'),
('e393facf496e2c32395132c239765f4e5cfdface80b3268de947b3eb3e9c01ddf89f235927c2977c', 27, 3, 'vendor_token', '[\"vendor\"]', 0, '2021-12-12 06:37:15', '2021-12-12 06:37:15', '2022-12-12 10:37:15'),
('e488dd20373a951c04d022e2180f68197dd3cb47037ddf0c28e06f336b2e505741c9f6456274a0a8', 5, 3, 'admin_token', '[\"*\"]', 0, '2021-12-12 09:08:08', '2021-12-12 09:08:08', '2022-12-12 13:08:08'),
('e59a44d619b05b7f5137657cd146c61dbfdf3703a983a10d60b47aec5ca24074a445adf21e704220', 18, 3, 'admin_token', '[\"*\"]', 0, '2021-12-22 11:44:00', '2021-12-22 11:44:00', '2022-12-22 15:44:00'),
('e5a0c83ced729f3d185372c92218099cd0a0c427ae9135a45dc4eb659175ec9cb4e7efbc92a75b70', 8, 3, 'vendor_to', '[\"vendor\"]', 0, '2021-12-12 05:39:54', '2021-12-12 05:39:54', '2022-12-12 09:39:54'),
('e6cd054ae66b13cb0d4ac8e767ea0c9b456c73c330e12fc90beb28a0606ea4b743545f91386c3b34', 38, 3, 'vendor_token', '[\"vendor\"]', 0, '2021-12-23 10:09:27', '2021-12-23 10:09:27', '2022-12-23 14:09:27'),
('e76a4651f3b7b10dfc5dd27e2942b3be8fccdc64b28819171ca1e964564b7b218d396a912762527b', 45, 3, 'token', '[\"customer\"]', 0, '2022-01-25 11:31:32', '2022-01-25 11:31:32', '2023-01-25 15:31:32'),
('e82d82661957a3655763a6093b5bc8120ea5539ae2a7f4234d3b758618ec8221bea630b1e7bab7b9', 51, 3, 'token', '[\"customer\"]', 0, '2022-01-28 06:27:17', '2022-01-28 06:27:17', '2023-01-28 10:27:17'),
('e8b16a5d3ebebf89e167c0f0e67263e0fcbcb2e646ee5217ee14bb337fcf8d1f63720a8f2301463a', 38, 3, 'vendor_token', '[\"vendor\"]', 0, '2021-12-16 10:03:37', '2021-12-16 10:03:37', '2022-12-16 14:03:37'),
('e90e818868a68a0ce69efe2cc48cb426b8d6bc144e9c54025a61c89e2552dc91b484d530626af06b', 45, 3, 'token', '[\"customer\"]', 0, '2022-01-21 06:38:06', '2022-01-21 06:38:06', '2023-01-21 10:38:06'),
('e961d993e9dbb09203b2b7a03d5a1608786b82d09f047b8fd78fcbabdb473f4a1a0f9b2f02af9061', 38, 3, 'vendor_token', '[\"vendor\"]', 0, '2021-12-18 02:54:55', '2021-12-18 02:54:55', '2022-12-18 06:54:55'),
('eb64d7629d6026bf5cb4b1c87dd049e3de5f7b0bd976c724c0fece1de27cc47cb4a19deecd9b17c1', 45, 3, 'token', '[\"customer\"]', 0, '2022-01-26 07:17:26', '2022-01-26 07:17:26', '2023-01-26 11:17:26'),
('ec2ab86e1369e063befdff5583d548f2f56e8d630e26bc8670d0c513a0eb57464199050096858704', 18, 3, 'admin_token', '[\"*\"]', 0, '2022-01-03 06:45:56', '2022-01-03 06:45:56', '2023-01-03 10:45:56'),
('ed194d067754eb6927081f886508f04aab3ead201b73af77a6ef44010b5504b2fcc6bb54ae5cc8c5', 51, 3, 'customer_token', '[\"customer\"]', 0, '2022-01-21 07:47:17', '2022-01-21 07:47:17', '2023-01-21 11:47:17'),
('edaabb3928d9932431ca1e8652ce0b83f0560559bd6be888c7b0f93a11161cdbea7c0643930d445d', 11, 3, 'vendor_to', '[\"vendor\"]', 0, '2021-12-12 06:23:06', '2021-12-12 06:23:06', '2022-12-12 10:23:06'),
('edc1b8482e5655c72040b476daa5c090579f05a3615354c693b8c70141f8e6ac8a1b26e086b059f7', 14, 3, 'vendor_token', '[\"vendor\"]', 0, '2021-12-13 01:23:35', '2021-12-13 01:23:35', '2022-12-13 05:23:35'),
('ef2e7bdc0fc150fb35a37fed576e816b4ed015d1d424c9cfae2d2d7439c6b8909e140c978baacfc7', 51, 3, 'token', '[\"customer\"]', 0, '2022-01-24 09:02:23', '2022-01-24 09:02:23', '2023-01-24 13:02:23'),
('ef755a3ca95ac9bf52a633dd6594e8f242e0c5da67e1577bbdd5b2c442791933ea10b1b059b67eb5', 18, 3, 'admin_token', '[\"*\"]', 0, '2022-01-03 06:13:49', '2022-01-03 06:13:49', '2023-01-03 10:13:49'),
('f1482d3d1e19306f76b5eaad0abf4318c14c11c92eb3e14689e4ccf5a420ea1c8cbdc66f6a6dca9f', 18, 3, 'admin_token', '[\"*\"]', 0, '2022-01-03 06:42:37', '2022-01-03 06:42:37', '2023-01-03 10:42:37'),
('f1ab081fff30f3f3fca73a2af1c96eb18eb4f745f90b4fe9597401cbe437e46a0adb30475fc23995', 38, 3, 'vendor_token', '[\"vendor\"]', 0, '2021-12-30 07:00:23', '2021-12-30 07:00:23', '2022-12-30 11:00:23'),
('f257c0a5d562cdd9547cca7779254ffa09fccdc61ba7f51eeffa737ef545d69b509acd40d86b02d3', 29, 3, 'vendor_token', '[\"vendor\"]', 0, '2021-12-12 06:39:11', '2021-12-12 06:39:11', '2022-12-12 10:39:11'),
('f45c4d6463d446bf99fb3b494790efa817577b1f059e60c813787695254ab0261844bd8e8a9fa1ae', 38, 3, 'vendor_token', '[\"vendor\"]', 0, '2021-12-20 03:02:50', '2021-12-20 03:02:50', '2022-12-20 07:02:50'),
('f5985f7272c604144bf3ef811e6fc2d68205116a1e94bad74a1a10d1230776c0dd065b2a2c627175', 1, 3, 'customer_token', '[\"customer\"]', 0, '2021-12-12 02:04:42', '2021-12-12 02:04:42', '2022-12-12 06:04:42'),
('f640a92dac21d15b6c7d6126382e8d73cc04c14eea73335f9fe0656bf6328b09c44f4f93a8a7abfe', 45, 3, 'token', '[\"customer\"]', 0, '2022-01-17 05:10:25', '2022-01-17 05:10:25', '2023-01-17 09:10:25'),
('f8155f489ca40a2cb2b12373b5601f96584bde9807a0858921e52aa50e6952d64b9475ba640328f1', 18, 3, 'admin_token', '[\"*\"]', 0, '2022-01-21 05:42:30', '2022-01-21 05:42:30', '2023-01-21 09:42:30'),
('f875610a56604c12fbe95d9d354e3be9837857d0982d82402b095948cdf302d335c698f0a8ee92b6', 45, 3, 'token', '[\"customer\"]', 0, '2022-01-25 10:45:15', '2022-01-25 10:45:15', '2023-01-25 14:45:15'),
('faff48ae356d0e298cd670404be6baf03d787bf5da110862b4dc42283329fd62246402f0a3578de4', 18, 3, 'admin_token', '[\"*\"]', 0, '2022-01-03 07:21:15', '2022-01-03 07:21:15', '2023-01-03 11:21:15'),
('fc31baf0cfddbb1b2f864e9c20187a59a2db65cafc43fc68708fab467ce70f16536631b1aa1764b9', 38, 3, 'vendor_token', '[\"vendor\"]', 0, '2022-01-28 13:46:35', '2022-01-28 13:46:35', '2023-01-28 17:46:35'),
('fda6f1b7f6de70e21a8826c807017e9aeeaf679279bc21293005ce5584e0ce04d8381304e62f6c68', 45, 3, 'token', '[\"customer\"]', 0, '2022-01-21 06:37:36', '2022-01-21 06:37:36', '2023-01-21 10:37:36'),
('fe87ed98da51105248e54162ff528da239a448bdce8d91d88572a486cc6f8cf0bc4d62243ff0d994', 38, 3, 'vendor_token', '[\"vendor\"]', 0, '2021-12-27 10:36:40', '2021-12-27 10:36:40', '2022-12-27 14:36:40'),
('fecefafbd9e6ee157b91b8708d8891101e37cdd3870bc86b7fae399ccb8eac4eaef9c28d048bbc75', 18, 3, 'admin_token', '[\"*\"]', 0, '2021-12-22 11:41:45', '2021-12-22 11:41:45', '2022-12-22 15:41:45'),
('fffe0687e4a3b99b54b1233cd9719cecca4c40b9de2003ca329cfd937ccfdb77b26a826c1f894b48', 45, 3, 'token', '[\"customer\"]', 0, '2022-01-21 06:36:14', '2022-01-21 06:36:14', '2023-01-21 10:36:14');

-- --------------------------------------------------------

--
-- Table structure for table `oauth_auth_codes`
--

CREATE TABLE `oauth_auth_codes` (
  `id` varchar(100) COLLATE utf8mb4_unicode_ci NOT NULL,
  `user_id` bigint(20) UNSIGNED NOT NULL,
  `client_id` bigint(20) UNSIGNED NOT NULL,
  `scopes` text COLLATE utf8mb4_unicode_ci DEFAULT NULL,
  `revoked` tinyint(1) NOT NULL,
  `expires_at` datetime DEFAULT NULL
) ENGINE=InnoDB DEFAULT CHARSET=utf8mb4 COLLATE=utf8mb4_unicode_ci;

-- --------------------------------------------------------

--
-- Table structure for table `oauth_clients`
--

CREATE TABLE `oauth_clients` (
  `id` bigint(20) UNSIGNED NOT NULL,
  `user_id` bigint(20) UNSIGNED DEFAULT NULL,
  `name` varchar(255) COLLATE utf8mb4_unicode_ci NOT NULL,
  `secret` varchar(100) COLLATE utf8mb4_unicode_ci DEFAULT NULL,
  `provider` varchar(255) COLLATE utf8mb4_unicode_ci DEFAULT NULL,
  `redirect` text COLLATE utf8mb4_unicode_ci NOT NULL,
  `personal_access_client` tinyint(1) NOT NULL,
  `password_client` tinyint(1) NOT NULL,
  `revoked` tinyint(1) NOT NULL,
  `created_at` timestamp NULL DEFAULT NULL,
  `updated_at` timestamp NULL DEFAULT NULL
) ENGINE=InnoDB DEFAULT CHARSET=utf8mb4 COLLATE=utf8mb4_unicode_ci;

--
-- Dumping data for table `oauth_clients`
--

INSERT INTO `oauth_clients` (`id`, `user_id`, `name`, `secret`, `provider`, `redirect`, `personal_access_client`, `password_client`, `revoked`, `created_at`, `updated_at`) VALUES
(1, NULL, 'Laravel Personal Access Client', 'H7GnI2M1YfzaGyT2WhvPT7b5kagBURYeM2gmh89k', NULL, 'http://localhost', 1, 0, 0, '2021-12-08 16:35:54', '2021-12-08 16:35:54'),
(2, NULL, 'Laravel Password Grant Client', 'bc7udo1nrxZrqOZpEKLUnWl32MrH4mVLHAVK5rRw', 'users', 'http://localhost', 0, 1, 0, '2021-12-08 16:35:54', '2021-12-08 16:35:54'),
(3, NULL, 'Laravel Personal Access Client', 'jNyublTKHTmKjPMaUJSVdFH4yC7iNTAGdcuKFl20', NULL, 'http://localhost', 1, 0, 0, '2021-12-09 13:42:12', '2021-12-09 13:42:12'),
(4, NULL, 'Laravel Password Grant Client', 'osMRr3K5YoUz48DHRyhtC1d2fLZ9J3NIZ92tY8T1', 'users', 'http://localhost', 0, 1, 0, '2021-12-09 13:42:12', '2021-12-09 13:42:12');

-- --------------------------------------------------------

--
-- Table structure for table `oauth_personal_access_clients`
--

CREATE TABLE `oauth_personal_access_clients` (
  `id` bigint(20) UNSIGNED NOT NULL,
  `client_id` bigint(20) UNSIGNED NOT NULL,
  `created_at` timestamp NULL DEFAULT NULL,
  `updated_at` timestamp NULL DEFAULT NULL
) ENGINE=InnoDB DEFAULT CHARSET=utf8mb4 COLLATE=utf8mb4_unicode_ci;

--
-- Dumping data for table `oauth_personal_access_clients`
--

INSERT INTO `oauth_personal_access_clients` (`id`, `client_id`, `created_at`, `updated_at`) VALUES
(1, 1, '2021-12-08 16:35:54', '2021-12-08 16:35:54'),
(2, 3, '2021-12-09 13:42:12', '2021-12-09 13:42:12');

-- --------------------------------------------------------

--
-- Table structure for table `oauth_refresh_tokens`
--

CREATE TABLE `oauth_refresh_tokens` (
  `id` varchar(100) COLLATE utf8mb4_unicode_ci NOT NULL,
  `access_token_id` varchar(100) COLLATE utf8mb4_unicode_ci NOT NULL,
  `revoked` tinyint(1) NOT NULL,
  `expires_at` datetime DEFAULT NULL
) ENGINE=InnoDB DEFAULT CHARSET=utf8mb4 COLLATE=utf8mb4_unicode_ci;

-- --------------------------------------------------------

--
-- Table structure for table `permissions`
--

CREATE TABLE `permissions` (
  `id` int(10) UNSIGNED NOT NULL,
  `name` varchar(255) COLLATE utf8mb4_unicode_ci NOT NULL,
  `slug` varchar(255) COLLATE utf8mb4_unicode_ci DEFAULT NULL,
  `created_at` timestamp NULL DEFAULT NULL,
  `updated_at` timestamp NULL DEFAULT NULL
) ENGINE=InnoDB DEFAULT CHARSET=utf8mb4 COLLATE=utf8mb4_unicode_ci;

--
-- Dumping data for table `permissions`
--

INSERT INTO `permissions` (`id`, `name`, `slug`, `created_at`, `updated_at`) VALUES
(1, 'add-vendor', 'add-vendor', NULL, NULL),
(2, 'edit-vendor', 'edit-vendor', NULL, NULL);

-- --------------------------------------------------------

--
-- Table structure for table `personal_access_tokens`
--

CREATE TABLE `personal_access_tokens` (
  `id` int(11) NOT NULL,
  `tokenable` varchar(255) DEFAULT NULL,
  `tokenable_type` text NOT NULL,
  `tokenable_id` varchar(110) NOT NULL,
  `name` varchar(255) NOT NULL,
  `token` varchar(250) NOT NULL,
  `abilities` varchar(110) DEFAULT NULL,
  `last_used_at` datetime DEFAULT NULL,
  `created_at` datetime NOT NULL,
  `updated_at` datetime NOT NULL
) ENGINE=InnoDB DEFAULT CHARSET=utf8mb4;

--
-- Dumping data for table `personal_access_tokens`
--

INSERT INTO `personal_access_tokens` (`id`, `tokenable`, `tokenable_type`, `tokenable_id`, `name`, `token`, `abilities`, `last_used_at`, `created_at`, `updated_at`) VALUES
(7, NULL, 'App\\Models\\User', '2', 'vendor_token', '81a539504865c83cca1a35ca10faa59371dc7706969a742f83329389e7aec100', '[\"vendor\"]', NULL, '2021-12-12 11:13:02', '2021-12-12 11:13:02'),
(8, NULL, 'App\\Models\\User', '3', 'vendor_token', 'c908ac7d5d841f4baca7fb9c39d7be90f73f2bc4f269bb357980844882a205af', '[\"vendor\"]', NULL, '2021-12-12 11:14:05', '2021-12-12 11:14:05'),
(9, NULL, 'App\\Models\\User', '4', 'vendor_token', '045b4d0166ac045858489e32a26794d019ec2adc632a8f42106df2b66d0b919a', '[\"vendor\"]', NULL, '2021-12-12 11:14:59', '2021-12-12 11:14:59'),
(10, NULL, 'App\\Models\\User', '5', 'vendor_token', '43a27ade6e4ac49e3ec44eefb6a6076b591609ba4ec9566905159c070a1f7d4c', '[\"vendor\"]', NULL, '2021-12-12 11:17:48', '2021-12-12 11:17:48'),
(11, NULL, 'App\\Models\\User', '6', 'vendor_token', '063029c5a20d0185748ca3d676933c8f18a4561c724d9507f1da52ea4fb6ba2c', '[\"vendor\"]', NULL, '2021-12-12 11:20:09', '2021-12-12 11:20:09'),
(12, NULL, 'App\\Models\\User', '7', 'vendor_token', '46e5a796082f345fa76f2ad1464b57fc68495dc5470b6edd4f27e154e2778924', '[\"vendor\"]', NULL, '2021-12-12 11:25:10', '2021-12-12 11:25:10');

-- --------------------------------------------------------

--
-- Table structure for table `roles`
--

CREATE TABLE `roles` (
  `id` int(10) UNSIGNED NOT NULL,
  `name` varchar(255) COLLATE utf8mb4_unicode_ci NOT NULL,
  `slug` varchar(255) COLLATE utf8mb4_unicode_ci DEFAULT NULL,
  `created_at` timestamp NULL DEFAULT NULL,
  `updated_at` timestamp NULL DEFAULT NULL
) ENGINE=InnoDB DEFAULT CHARSET=utf8mb4 COLLATE=utf8mb4_unicode_ci;

--
-- Dumping data for table `roles`
--

INSERT INTO `roles` (`id`, `name`, `slug`, `created_at`, `updated_at`) VALUES
(1, 'vendor', 'vendor', NULL, NULL),
(2, 'admin', 'admin', NULL, NULL),
(3, 'customer', 'customer', NULL, NULL);

-- --------------------------------------------------------

--
-- Table structure for table `users`
--

CREATE TABLE `users` (
  `id` bigint(20) UNSIGNED NOT NULL,
  `user_name` varchar(255) COLLATE utf8mb4_unicode_ci DEFAULT NULL,
  `email` varchar(255) COLLATE utf8mb4_unicode_ci NOT NULL,
  `first_name` varchar(255) COLLATE utf8mb4_unicode_ci NOT NULL,
  `last_name` varchar(255) COLLATE utf8mb4_unicode_ci NOT NULL,
  `email_varified_at` datetime DEFAULT NULL,
  `password` varchar(255) COLLATE utf8mb4_unicode_ci NOT NULL,
  `phone` varchar(255) COLLATE utf8mb4_unicode_ci DEFAULT NULL,
  `mobile_normalized` varchar(50) COLLATE utf8mb4_unicode_ci DEFAULT NULL,
  `mobile_national` varchar(50) COLLATE utf8mb4_unicode_ci DEFAULT NULL,
  `mobile_e164` varchar(50) COLLATE utf8mb4_unicode_ci DEFAULT NULL,
  `mobile` varchar(255) COLLATE utf8mb4_unicode_ci NOT NULL,
  `country_code` varchar(255) COLLATE utf8mb4_unicode_ci NOT NULL,
  `country` varchar(255) COLLATE utf8mb4_unicode_ci DEFAULT NULL,
  `profile_photo` varchar(255) COLLATE utf8mb4_unicode_ci DEFAULT NULL,
  `thumbnail` varchar(255) COLLATE utf8mb4_unicode_ci DEFAULT NULL,
  `user_by` int(11) NOT NULL DEFAULT 0,
  `dob` date DEFAULT NULL,
  `role` varchar(20) COLLATE utf8mb4_unicode_ci DEFAULT NULL,
  `last_login` datetime DEFAULT NULL,
  `status` int(11) NOT NULL,
  `remember_token` varchar(100) COLLATE utf8mb4_unicode_ci DEFAULT NULL,
  `created_at` timestamp NULL DEFAULT NULL,
  `updated_at` timestamp NULL DEFAULT NULL
) ENGINE=InnoDB DEFAULT CHARSET=utf8mb4 COLLATE=utf8mb4_unicode_ci;

--
-- Dumping data for table `users`
--

INSERT INTO `users` (`id`, `user_name`, `email`, `first_name`, `last_name`, `email_varified_at`, `password`, `phone`, `mobile_normalized`, `mobile_national`, `mobile_e164`, `mobile`, `country_code`, `country`, `profile_photo`, `thumbnail`, `user_by`, `dob`, `role`, `last_login`, `status`, `remember_token`, `created_at`, `updated_at`) VALUES
(18, NULL, 'admin@admin.com', 'Aamirq', 'bashir', NULL, '$2y$10$piSnq9/9nQCH8Wm3mdjCE.vB./KJvnU3euwvwo/80ut6Yeg3fePWO', '+97586136146', NULL, NULL, NULL, '0586136146', '+971', NULL, '', '', 0, NULL, NULL, '2022-02-01 10:45:59', 1, NULL, '2021-12-14 06:48:46', '2022-02-01 06:45:59'),
(20, NULL, 'aamir_bashir@1live.com', 'Aamir', 'Aamir', NULL, '$2y$10$LpcJD2XcvA7uzhMrf1rJEevqa0Fo/Rw6VqSPjy/ZEjOhKW2qdbEV.', NULL, NULL, NULL, NULL, '+971586136146', '+971', 'United arab Emirated', NULL, NULL, 0, NULL, NULL, '2021-12-14 11:04:59', 1, NULL, '2021-12-14 07:02:33', '2021-12-14 07:04:59'),
(32, NULL, 'aamir@iskaan.com', 'firstname', 'last_name', NULL, '$2y$10$VTEctDgWDrqm9FSa0tITD.Mhfd9oG3dV1fZUfmiHBV/1JUdiNxrTO', '+971586136146', NULL, NULL, NULL, '022511', '971', NULL, NULL, NULL, 0, NULL, NULL, '2021-12-16 08:11:58', 1, NULL, '2021-12-14 09:56:38', '2021-12-16 04:11:58'),
(33, NULL, 'aamirvendor@iskaan.com', 'firstname', 'last_name', NULL, '$2y$10$cgNNqIZ6xV47Sqx1Auu.guHiyczifcalzP9Ug3xUW9A3NW0lFWBmC', NULL, NULL, NULL, NULL, '022511', '971', 'united arab emirates', NULL, NULL, 0, NULL, NULL, NULL, 1, NULL, '2021-12-15 02:04:10', '2021-12-15 02:04:10'),
(34, NULL, 'aamirvendor1@iskaan.com', 'Aamir', 'Bashir', NULL, '$2y$10$N8YN/lIHXnBT2BOrSGAtzO0WrJFdmV1He6cjwNWGO8rWK4/ve7D9y', NULL, NULL, NULL, NULL, '0586136146', '971', 'united arab emirates', 'public/images/users/profile/images/164058436661c954ae9942e.png', 'public/images/users/profile/thumbnail/164058436661c954aebd771.png', 0, NULL, NULL, NULL, 1, NULL, '2021-12-15 02:06:16', '2022-01-24 09:55:06'),
(35, NULL, 'aamir_bashir@live.com', 'Aamir', 'Aamir', NULL, '$2y$10$HpQY4CiuiyzYPg1dHqHTYeh7IC3bYYIMIvqucm1iRHHfKa2npemvi', NULL, NULL, NULL, NULL, '0586136146', '+971', 'United Arab emirated', NULL, NULL, 0, NULL, NULL, '2022-01-26 09:34:51', 1, NULL, '2021-12-15 02:38:26', '2022-01-26 05:34:51'),
(36, NULL, 'vendor@iskaan.com', 'firstname', 'last_name', NULL, '$2y$10$joaYHTZi1BoAX4N2nDFfCuXIkGqkhKxdd/26nF7QHX2A33wQbYnCi', '+971586136146', NULL, NULL, NULL, '022511', '971', NULL, NULL, NULL, 0, NULL, NULL, '2022-01-18 15:03:33', 1, NULL, '2021-12-15 02:41:21', '2022-01-18 11:03:33'),
(38, NULL, 'test@test.com', 'abc', 'last_name', NULL, '$2y$10$97dpymOW.9DMnwAdXb7vxO6QSd0wduDhqCKLvct8uU./q5OD2tWHG', '+971586136146', NULL, NULL, NULL, '+971509782853', '971', NULL, 'public/images/users/profile/images/164337657161f3efbba037c.jpg', 'public/images/users/profile/thumbnail/164337657161f3efbbaaf5c.jpg', 0, NULL, NULL, '2022-02-01 09:55:49', 1, NULL, '2021-12-15 08:57:58', '2022-02-01 05:55:49'),
(40, NULL, 'test@test123.com', 'asd', 'asd', NULL, '$2y$10$7RG7MS3JYX1QAC.XaUgtz.AXxLRF3sO2MbVOUMu2snVtOZ0V0bLGS', NULL, NULL, NULL, NULL, '78674', '+971', 'jhfj', NULL, NULL, 0, NULL, NULL, NULL, 1, NULL, '2021-12-25 12:47:00', '2021-12-25 12:47:00'),
(41, NULL, 'test@test12ss3.com', 'asd', 'asd', NULL, '$2y$10$q/Uv6cWSZlQDz/4.0cCgZO5VCnwlaLNtHTs8ljCzVRtfYY.WIbsti', NULL, NULL, NULL, NULL, '78674', '+971', 'jhfj', NULL, NULL, 0, NULL, NULL, NULL, 1, NULL, '2021-12-25 12:47:15', '2021-12-25 12:47:15'),
(42, NULL, 'abc@test.com', 'sadas', 'sad', NULL, '$2y$10$gFCOOFtZFgAih2y4JEqKXuqHpp66i9xzkyfYTkq0fhJUz.QgcYNMi', NULL, NULL, NULL, NULL, '1231', '+971', '12rtyug', NULL, NULL, 0, NULL, NULL, NULL, 1, NULL, '2021-12-25 12:49:27', '2021-12-25 12:49:27'),
(43, NULL, 'ac@c.com', 'ads', 'asd', NULL, '$2y$10$4WOJr52NZts69t2wPBsJhOnWLkWDKjS/Fzo3FPe7bP618CM6y4smG', NULL, NULL, NULL, NULL, '8743', '+971', 'uyffu', NULL, NULL, 0, NULL, NULL, NULL, 1, NULL, '2021-12-25 12:50:10', '2021-12-25 12:50:10'),
(44, NULL, 'demo@example.com', 'asd', 'asd', NULL, '$2y$10$m7610sJDRPdWMciFkh8ahuY1q6vNe4uZ3wsTAiRABz6xHzgchsOiq', NULL, '0525240909', '052 524 0909', '+971525240909', '+971525240909', 'AE', '244', NULL, NULL, 0, NULL, NULL, NULL, 1, NULL, '2022-01-13 08:17:54', '2022-01-13 08:17:54'),
(45, NULL, 'ali@gmail.com', 'asd', 'asd', NULL, '$2y$10$X8.eImeOSaCopYFd6j18juFIIqIp0OInCW8bjhtM1pPB5iI6yiBoC', NULL, '0525240909', '052 524 0909', '+971525240909', '+971525240909', 'AE', '3', NULL, NULL, 0, NULL, NULL, '2022-02-01 09:50:29', 1, NULL, '2022-01-13 08:20:12', '2022-02-01 05:50:29'),
(46, NULL, 'al333i@gmail.com', 'we', 'we', NULL, '$2y$10$k15a.LkqTBIR7AVBo7kN8eJ.5hDPJav5K8HCfteAW/WoyBkjmP3bG', NULL, '0525240909', '052 524 0909', '+971525240909', '+971525240909', 'AE', '3', NULL, NULL, 0, NULL, NULL, NULL, 1, NULL, '2022-01-13 08:32:31', '2022-01-13 08:32:31'),
(47, NULL, 'av@gmail.com', 'we', 'we', NULL, '$2y$10$hy9QJ6tgvqaOCln99MNWsO8Kzv65eqMZKympcArdOAPj9Zh6DfPzO', NULL, '0525240909', '052 524 0909', '+971525240909', '+971525240909', 'AE', 'United Arab Emirates', NULL, NULL, 0, NULL, NULL, NULL, 1, NULL, '2022-01-13 11:03:13', '2022-01-13 11:03:13'),
(48, NULL, 'aamir_asdsafdbashir@live.com', 'we', 'wer', NULL, '$2y$10$wdi.FLUMQI36g64jkxZ7P.N6P9fgivHm78cEgcLdUkXrV25i0y.ty', '34564', NULL, NULL, NULL, '3454', 'AE', NULL, NULL, NULL, 0, NULL, 'vendor', NULL, 1, NULL, '2022-01-17 13:51:01', '2022-01-17 13:51:01'),
(51, NULL, 'fiza@test.com', 'fiza', 'fiza', NULL, '$2y$10$9NUJTl/ByDNKFH8NYt72Uuc6PBvvOvuPWWkF8OyQNGgIRfhZoVKam', NULL, '0521671783', '052 167 1783', '+971521671783', '+971521671783', 'AE', 'United Arab Emirates', NULL, NULL, 0, NULL, 'customer', '2022-01-28 10:27:17', 1, NULL, '2022-01-21 07:47:17', '2022-01-28 06:27:17'),
(52, NULL, 'abc@gmail.com', 'abc', 'abc', NULL, '$2y$10$ceLFXKv.aYp0rSx/ZgRrP.LK1UoQWQMnbUROotygd.P9Gbe1G6sA6', NULL, '0525240908', '052 524 0908', '+971525240908', '+971525240908', 'AE', 'United Arab Emirates', NULL, NULL, 0, NULL, 'customer', NULL, 1, NULL, '2022-01-21 07:50:40', '2022-01-21 07:50:40'),
(59, NULL, 'umer@iskaan.com', 'Umer', 'Khan', NULL, '$2y$10$hRIRxla7rrxJ0eemfWFJfulpauYJZf5VvGXSD0ywZbWXBH60CgllK', '0586136146', NULL, NULL, NULL, '0564646656', '971', NULL, NULL, NULL, 0, NULL, 'vendor', NULL, 1, NULL, '2022-01-24 08:59:16', '2022-01-24 09:01:56');

-- --------------------------------------------------------

--
-- Table structure for table `users_permissions`
--

CREATE TABLE `users_permissions` (
  `user_id` int(10) UNSIGNED NOT NULL,
  `permission_id` int(10) UNSIGNED NOT NULL
) ENGINE=InnoDB DEFAULT CHARSET=utf8mb4 COLLATE=utf8mb4_unicode_ci;

-- --------------------------------------------------------

--
-- Table structure for table `users_roles`
--

CREATE TABLE `users_roles` (
  `user_id` int(11) NOT NULL,
  `role_id` int(20) NOT NULL
) ENGINE=InnoDB DEFAULT CHARSET=utf8mb4;

--
-- Dumping data for table `users_roles`
--

INSERT INTO `users_roles` (`user_id`, `role_id`) VALUES
(18, 2),
(35, 3),
(36, 1),
(38, 1),
(40, 1),
(41, 1),
(42, 1),
(43, 1),
(44, 3),
(45, 3),
(46, 3),
(47, 3),
(48, 1),
(51, 3),
(52, 3),
(59, 1);

-- --------------------------------------------------------

--
-- Table structure for table `vendors`
--

CREATE TABLE `vendors` (
  `id` bigint(20) UNSIGNED NOT NULL,
  `user_id` int(11) DEFAULT NULL,
  `shop_unique_name` varchar(250) COLLATE utf8mb4_unicode_ci NOT NULL,
  `shop_slug` varchar(250) COLLATE utf8mb4_unicode_ci NOT NULL,
  `shop_name` varchar(150) COLLATE utf8mb4_unicode_ci NOT NULL,
  `shop_logo` varchar(250) COLLATE utf8mb4_unicode_ci DEFAULT NULL,
  `shop_thumbnail` varchar(150) COLLATE utf8mb4_unicode_ci DEFAULT NULL,
  `shop_cover_photo` varchar(150) COLLATE utf8mb4_unicode_ci DEFAULT NULL,
  `cover_photo` varchar(150) COLLATE utf8mb4_unicode_ci DEFAULT NULL,
  `business_email` varchar(255) COLLATE utf8mb4_unicode_ci NOT NULL,
  `office_phone` varchar(255) COLLATE utf8mb4_unicode_ci DEFAULT NULL,
  `shop_address` varchar(255) COLLATE utf8mb4_unicode_ci NOT NULL,
  `zip` varchar(255) COLLATE utf8mb4_unicode_ci DEFAULT NULL,
  `city` varchar(255) COLLATE utf8mb4_unicode_ci DEFAULT NULL,
  `country_code` varchar(255) COLLATE utf8mb4_unicode_ci DEFAULT NULL,
  `country` varchar(255) COLLATE utf8mb4_unicode_ci DEFAULT NULL,
  `trade_licensetrade_license` varchar(200) COLLATE utf8mb4_unicode_ci DEFAULT NULL,
  `trade_license` varchar(200) COLLATE utf8mb4_unicode_ci DEFAULT NULL,
  `vat_certificate` varchar(200) COLLATE utf8mb4_unicode_ci DEFAULT NULL,
  `license_expiry` varchar(200) COLLATE utf8mb4_unicode_ci DEFAULT NULL,
  `vat_number` varchar(200) COLLATE utf8mb4_unicode_ci DEFAULT NULL,
  `license_number` varchar(200) COLLATE utf8mb4_unicode_ci DEFAULT NULL,
  `lat` varchar(255) COLLATE utf8mb4_unicode_ci DEFAULT NULL,
  `long` varchar(255) COLLATE utf8mb4_unicode_ci DEFAULT NULL,
  `status` varchar(20) COLLATE utf8mb4_unicode_ci NOT NULL DEFAULT 'pending',
  `created_at` timestamp NULL DEFAULT NULL,
  `updated_at` timestamp NULL DEFAULT NULL
) ENGINE=InnoDB DEFAULT CHARSET=utf8mb4 COLLATE=utf8mb4_unicode_ci;

--
-- Dumping data for table `vendors`
--

INSERT INTO `vendors` (`id`, `user_id`, `shop_unique_name`, `shop_slug`, `shop_name`, `shop_logo`, `shop_thumbnail`, `shop_cover_photo`, `cover_photo`, `business_email`, `office_phone`, `shop_address`, `zip`, `city`, `country_code`, `country`, `trade_licensetrade_license`, `trade_license`, `vat_certificate`, `license_expiry`, `vat_number`, `license_number`, `lat`, `long`, `status`, `created_at`, `updated_at`) VALUES
(2, 34, 'Decent Shop Name', 'data-science', 'Data science', '', '', '', NULL, 'aamir@test.com', '0586136146666', 'fs', 'null', NULL, NULL, NULL, NULL, NULL, NULL, NULL, NULL, NULL, 'null', 'null', 'active', '2022-01-24 09:54:40', '2022-01-24 09:54:40'),
(3, 36, 'Decent Shop Name', 'decent-shop', 'Decent shop', NULL, NULL, NULL, NULL, 'aamir@iskaan.com', NULL, 'fs', NULL, NULL, '971', 'united arab emirates', NULL, NULL, NULL, NULL, NULL, NULL, NULL, NULL, 'pending', '2021-12-15 02:41:21', '2021-12-15 02:41:21'),
(4, 38, 'Decent Shop Name', 'cocacola', 'COCACOLA', '', '', '', NULL, 'test@iskaan.com', '586136146', 'kallar', 'null', NULL, '971', 'united arab emirates', NULL, NULL, NULL, NULL, NULL, NULL, 'null', 'null', 'active', '2022-01-24 09:53:28', '2022-01-24 09:53:28'),
(5, 40, 'null', 'asd', 'asd', '', '', '', NULL, 'asd@test.com', '764674785', 'sdfjkv', NULL, NULL, NULL, NULL, NULL, NULL, NULL, NULL, NULL, NULL, NULL, NULL, 'pending', '2021-12-25 12:47:00', '2021-12-25 12:47:00'),
(6, 41, 'null', 'asd', 'asd', '', '', '', NULL, 'asd@test.com', '764674785', 'sdfjkv', 'null', NULL, NULL, NULL, NULL, NULL, NULL, NULL, NULL, NULL, 'null', 'null', 'pending', '2021-12-27 08:28:42', '2021-12-27 08:28:42'),
(7, 42, 'null', 'asd', 'asd', '', '', '', NULL, 'dd@ts.com', '8776', '855', NULL, NULL, NULL, NULL, NULL, NULL, NULL, NULL, NULL, NULL, NULL, NULL, 'pending', '2021-12-25 12:49:27', '2021-12-25 12:49:27'),
(8, 43, 'null', 'asdas', 'asdas', '', '', '', NULL, 'vv@t.com', '2134345', 'osauifdu', NULL, NULL, NULL, NULL, NULL, NULL, NULL, NULL, NULL, NULL, NULL, NULL, 'pending', '2021-12-25 12:50:10', '2021-12-25 12:50:10'),
(9, 48, 'null', '12234545', '12234545', NULL, NULL, NULL, NULL, 'ac@gmail.com', NULL, 'wr', NULL, NULL, 'AE', 'United Arab Emirates', NULL, NULL, NULL, NULL, NULL, NULL, NULL, NULL, 'pending', '2022-01-17 13:51:01', '2022-01-17 13:51:01'),
(10, 59, 'null', 'umer-llc', 'Umer LLC', '', '', '', NULL, 'umer@test.com', '586136146', 'Deira Dubai', 'null', NULL, 'AE', 'United Arab Emirates', NULL, 'docs/vendors/trade_license/164301475661ee6a64734c0.pdf', 'docs/vendors/vat_certificate/164301475661ee6a6473827.pdf', '2222-02-22', '212121', '122121', 'null', 'null', 'active', '2022-01-24 09:25:27', '2022-01-24 09:25:27');

--
-- Indexes for dumped tables
--

--
-- Indexes for table `general_settings`
--
ALTER TABLE `general_settings`
  ADD PRIMARY KEY (`id`);

--
-- Indexes for table `migrations`
--
ALTER TABLE `migrations`
  ADD PRIMARY KEY (`id`);

--
-- Indexes for table `oauth_access_tokens`
--
ALTER TABLE `oauth_access_tokens`
  ADD PRIMARY KEY (`id`),
  ADD KEY `oauth_access_tokens_user_id_index` (`user_id`);

--
-- Indexes for table `oauth_auth_codes`
--
ALTER TABLE `oauth_auth_codes`
  ADD PRIMARY KEY (`id`),
  ADD KEY `oauth_auth_codes_user_id_index` (`user_id`);

--
-- Indexes for table `oauth_clients`
--
ALTER TABLE `oauth_clients`
  ADD PRIMARY KEY (`id`),
  ADD KEY `oauth_clients_user_id_index` (`user_id`);

--
-- Indexes for table `oauth_personal_access_clients`
--
ALTER TABLE `oauth_personal_access_clients`
  ADD PRIMARY KEY (`id`);

--
-- Indexes for table `oauth_refresh_tokens`
--
ALTER TABLE `oauth_refresh_tokens`
  ADD PRIMARY KEY (`id`),
  ADD KEY `oauth_refresh_tokens_access_token_id_index` (`access_token_id`);

--
-- Indexes for table `permissions`
--
ALTER TABLE `permissions`
  ADD PRIMARY KEY (`id`);

--
-- Indexes for table `personal_access_tokens`
--
ALTER TABLE `personal_access_tokens`
  ADD PRIMARY KEY (`id`),
  ADD UNIQUE KEY `token` (`token`);

--
-- Indexes for table `roles`
--
ALTER TABLE `roles`
  ADD PRIMARY KEY (`id`);

--
-- Indexes for table `users`
--
ALTER TABLE `users`
  ADD PRIMARY KEY (`id`),
  ADD UNIQUE KEY `users_email_unique` (`email`),
  ADD KEY `password` (`password`),
  ADD KEY `phone` (`phone`),
  ADD KEY `mobile` (`mobile`);

--
-- Indexes for table `users_roles`
--
ALTER TABLE `users_roles`
  ADD PRIMARY KEY (`user_id`,`role_id`);

--
-- Indexes for table `vendors`
--
ALTER TABLE `vendors`
  ADD PRIMARY KEY (`id`);

--
-- AUTO_INCREMENT for dumped tables
--

--
-- AUTO_INCREMENT for table `general_settings`
--
ALTER TABLE `general_settings`
  MODIFY `id` bigint(20) UNSIGNED NOT NULL AUTO_INCREMENT;

--
-- AUTO_INCREMENT for table `migrations`
--
ALTER TABLE `migrations`
  MODIFY `id` int(10) UNSIGNED NOT NULL AUTO_INCREMENT, AUTO_INCREMENT=37;

--
-- AUTO_INCREMENT for table `oauth_clients`
--
ALTER TABLE `oauth_clients`
  MODIFY `id` bigint(20) UNSIGNED NOT NULL AUTO_INCREMENT, AUTO_INCREMENT=5;

--
-- AUTO_INCREMENT for table `oauth_personal_access_clients`
--
ALTER TABLE `oauth_personal_access_clients`
  MODIFY `id` bigint(20) UNSIGNED NOT NULL AUTO_INCREMENT, AUTO_INCREMENT=3;

--
-- AUTO_INCREMENT for table `permissions`
--
ALTER TABLE `permissions`
  MODIFY `id` int(10) UNSIGNED NOT NULL AUTO_INCREMENT, AUTO_INCREMENT=3;

--
-- AUTO_INCREMENT for table `personal_access_tokens`
--
ALTER TABLE `personal_access_tokens`
  MODIFY `id` int(11) NOT NULL AUTO_INCREMENT, AUTO_INCREMENT=13;

--
-- AUTO_INCREMENT for table `roles`
--
ALTER TABLE `roles`
  MODIFY `id` int(10) UNSIGNED NOT NULL AUTO_INCREMENT, AUTO_INCREMENT=4;

--
-- AUTO_INCREMENT for table `users`
--
ALTER TABLE `users`
  MODIFY `id` bigint(20) UNSIGNED NOT NULL AUTO_INCREMENT, AUTO_INCREMENT=60;

--
-- AUTO_INCREMENT for table `vendors`
--
ALTER TABLE `vendors`
  MODIFY `id` bigint(20) UNSIGNED NOT NULL AUTO_INCREMENT, AUTO_INCREMENT=11;
COMMIT;

/*!40101 SET CHARACTER_SET_CLIENT=@OLD_CHARACTER_SET_CLIENT */;
/*!40101 SET CHARACTER_SET_RESULTS=@OLD_CHARACTER_SET_RESULTS */;
/*!40101 SET COLLATION_CONNECTION=@OLD_COLLATION_CONNECTION */;
